Record Length,2.500000e+03,,   0.000000000000,   1.00400,
Sample Interval,4.000000e-05,,   0.000040000000,   1.00400,
Trigger Point,0.000000000000e+00,,   0.000080000000,   1.00400,
,,,   0.000120000000,   1.00400,
,,,   0.000160000000,   1.00400,
,,,   0.000200000000,   1.00400,
Source,REF1,,   0.000240000000,   1.00400,
Vertical Units,V,,   0.000280000000,   1.00400,
Vertical Scale,1.000000e-01,,   0.000320000000,   1.00400,
Vertical Offset,-1.300000e+00,,   0.000360000000,   1.00400,
Horizontal Units,s,,   0.000400000000,   1.00400,
Horizontal Scale,1.000000e-02,,   0.000440000000,   1.00400,
Pt Fmt,Y,,   0.000480000000,   1.00400,
Yzero,0.000000e+00,,   0.000520000000,   1.00400,
Probe Atten,1.000000e+01,,   0.000560000000,   1.00400,
Model Number,TDS1012C-EDU,,   0.000600000000,   1.00400,
Serial Number,C013516,,   0.000640000000,   1.00400,
Firmware Version,FV:v25.07,,   0.000680000000,   1.00400,
,,,0.000720000000,   1.00400,
,,,0.000760000000,   1.00400,
,,,0.000800000000,   1.00400,
,,,0.000840000000,   1.00400,
,,,0.000880000000,   1.00400,
,,,0.000920000000,   1.00400,
,,,0.000960000000,   1.00000,
,,,0.001000000000,   1.00400,
,,,0.001040000000,   1.00400,
,,,0.001080000000,   1.00400,
,,,0.001120000000,   1.00400,
,,,0.001160000000,   1.00400,
,,,0.001200000000,   1.00400,
,,,0.001240000000,   1.00400,
,,,0.001280000000,   1.00400,
,,,0.001320000000,   1.00400,
,,,0.001360000000,   1.00400,
,,,0.001400000000,   1.00400,
,,,0.001440000000,   1.00400,
,,,0.001480000000,   1.00400,
,,,0.001520000000,   1.00400,
,,,0.001560000000,   1.00400,
,,,0.001600000000,   1.00800,
,,,0.001640000000,   1.00400,
,,,0.001680000000,   1.00800,
,,,0.001720000000,   1.00400,
,,,0.001760000000,   1.00400,
,,,0.001800000000,   1.00800,
,,,0.001840000000,   1.00400,
,,,0.001880000000,   1.00800,
,,,0.001920000000,   1.00800,
,,,0.001960000000,   1.00400,
,,,0.002000000000,   1.00800,
,,,0.002040000000,   1.00800,
,,,0.002080000000,   1.00400,
,,,0.002120000000,   1.00800,
,,,0.002160000000,   1.00800,
,,,0.002200000000,   1.00800,
,,,0.002240000000,   1.00800,
,,,0.002280000000,   1.00800,
,,,0.002320000000,   1.00800,
,,,0.002360000000,   1.00800,
,,,0.002400000000,   1.00800,
,,,0.002440000000,   1.01200,
,,,0.002480000000,   1.00800,
,,,0.002520000000,   1.00800,
,,,0.002560000000,   1.01200,
,,,0.002600000000,   1.00800,
,,,0.002640000000,   1.01200,
,,,0.002680000000,   1.01200,
,,,0.002720000000,   1.01200,
,,,0.002760000000,   1.01200,
,,,0.002800000000,   1.01200,
,,,0.002840000000,   1.01200,
,,,0.002880000000,   1.01600,
,,,0.002920000000,   1.01200,
,,,0.002960000000,   1.01200,
,,,0.003000000000,   1.01200,
,,,0.003040000000,   1.01200,
,,,0.003080000000,   1.01200,
,,,0.003120000000,   1.01600,
,,,0.003160000000,   1.01600,
,,,0.003200000000,   1.01600,
,,,0.003240000000,   1.01600,
,,,0.003280000000,   1.01600,
,,,0.003320000000,   1.01600,
,,,0.003360000000,   1.01600,
,,,0.003400000000,   1.01600,
,,,0.003440000000,   1.01600,
,,,0.003480000000,   1.02000,
,,,0.003520000000,   1.02000,
,,,0.003560000000,   1.02000,
,,,0.003600000000,   1.02000,
,,,0.003640000000,   1.02000,
,,,0.003680000000,   1.02000,
,,,0.003720000000,   1.02000,
,,,0.003760000000,   1.02000,
,,,0.003800000000,   1.02000,
,,,0.003840000000,   1.02400,
,,,0.003880000000,   1.02400,
,,,0.003920000000,   1.02400,
,,,0.003960000000,   1.02400,
,,,0.004000000000,   1.02400,
,,,0.004040000000,   1.02400,
,,,0.004080000000,   1.02400,
,,,0.004120000000,   1.02400,
,,,0.004160000000,   1.02800,
,,,0.004200000000,   1.02800,
,,,0.004240000000,   1.02800,
,,,0.004280000000,   1.02800,
,,,0.004320000000,   1.02800,
,,,0.004360000000,   1.02800,
,,,0.004400000000,   1.02800,
,,,0.004440000000,   1.03200,
,,,0.004480000000,   1.03200,
,,,0.004520000000,   1.03200,
,,,0.004560000000,   1.03200,
,,,0.004600000000,   1.03200,
,,,0.004640000000,   1.03600,
,,,0.004680000000,   1.03200,
,,,0.004720000000,   1.03200,
,,,0.004760000000,   1.03200,
,,,0.004800000000,   1.03600,
,,,0.004840000000,   1.03600,
,,,0.004880000000,   1.03600,
,,,0.004920000000,   1.04000,
,,,0.004960000000,   1.04000,
,,,0.005000000000,   1.03600,
,,,0.005040000000,   1.03600,
,,,0.005080000000,   1.04000,
,,,0.005120000000,   1.04000,
,,,0.005160000000,   1.04000,
,,,0.005200000000,   1.04000,
,,,0.005240000000,   1.04000,
,,,0.005280000000,   1.04400,
,,,0.005320000000,   1.04400,
,,,0.005360000000,   1.04400,
,,,0.005400000000,   1.04400,
,,,0.005440000000,   1.04400,
,,,0.005480000000,   1.04800,
,,,0.005520000000,   1.04800,
,,,0.005560000000,   1.04800,
,,,0.005600000000,   1.04800,
,,,0.005640000000,   1.04800,
,,,0.005680000000,   1.05200,
,,,0.005720000000,   1.05200,
,,,0.005760000000,   1.05200,
,,,0.005800000000,   1.05200,
,,,0.005840000000,   1.05200,
,,,0.005880000000,   1.05600,
,,,0.005920000000,   1.05600,
,,,0.005960000000,   1.05600,
,,,0.006000000000,   1.05600,
,,,0.006040000000,   1.05600,
,,,0.006080000000,   1.05600,
,,,0.006120000000,   1.06000,
,,,0.006160000000,   1.06000,
,,,0.006200000000,   1.06000,
,,,0.006240000000,   1.06000,
,,,0.006280000000,   1.06400,
,,,0.006320000000,   1.06400,
,,,0.006360000000,   1.06400,
,,,0.006400000000,   1.06400,
,,,0.006440000000,   1.06400,
,,,0.006480000000,   1.06400,
,,,0.006520000000,   1.06800,
,,,0.006560000000,   1.06800,
,,,0.006600000000,   1.06800,
,,,0.006640000000,   1.06800,
,,,0.006680000000,   1.06800,
,,,0.006720000000,   1.06800,
,,,0.006760000000,   1.07200,
,,,0.006800000000,   1.07200,
,,,0.006840000000,   1.07200,
,,,0.006880000000,   1.07600,
,,,0.006920000000,   1.07600,
,,,0.006960000000,   1.07200,
,,,0.007000000000,   1.07600,
,,,0.007040000000,   1.08000,
,,,0.007080000000,   1.08000,
,,,0.007120000000,   1.08000,
,,,0.007160000000,   1.08000,
,,,0.007200000000,   1.08400,
,,,0.007240000000,   1.08400,
,,,0.007280000000,   1.08400,
,,,0.007320000000,   1.08400,
,,,0.007360000000,   1.08400,
,,,0.007400000000,   1.08800,
,,,0.007440000000,   1.08800,
,,,0.007480000000,   1.08800,
,,,0.007520000000,   1.08800,
,,,0.007560000000,   1.09200,
,,,0.007600000000,   1.09200,
,,,0.007640000000,   1.09200,
,,,0.007680000000,   1.09200,
,,,0.007720000000,   1.09600,
,,,0.007760000000,   1.09600,
,,,0.007800000000,   1.09600,
,,,0.007840000000,   1.09600,
,,,0.007880000000,   1.09600,
,,,0.007920000000,   1.09600,
,,,0.007960000000,   1.10000,
,,,0.008000000000,   1.10000,
,,,0.008040000000,   1.10400,
,,,0.008080000000,   1.10400,
,,,0.008120000000,   1.10400,
,,,0.008160000000,   1.10400,
,,,0.008200000000,   1.10400,
,,,0.008240000000,   1.10800,
,,,0.008280000000,   1.10800,
,,,0.008320000000,   1.10800,
,,,0.008360000000,   1.10800,
,,,0.008400000000,   1.10800,
,,,0.008440000000,   1.10800,
,,,0.008480000000,   1.11200,
,,,0.008520000000,   1.11200,
,,,0.008560000000,   1.11600,
,,,0.008600000000,   1.11600,
,,,0.008640000000,   1.11600,
,,,0.008680000000,   1.11600,
,,,0.008720000000,   1.11600,
,,,0.008760000000,   1.12000,
,,,0.008800000000,   1.12000,
,,,0.008840000000,   1.12400,
,,,0.008880000000,   1.12400,
,,,0.008920000000,   1.12400,
,,,0.008960000000,   1.12400,
,,,0.009000000000,   1.12400,
,,,0.009040000000,   1.12400,
,,,0.009080000000,   1.12800,
,,,0.009120000000,   1.12800,
,,,0.009160000000,   1.12800,
,,,0.009200000000,   1.13200,
,,,0.009240000000,   1.13200,
,,,0.009280000000,   1.13200,
,,,0.009320000000,   1.13600,
,,,0.009360000000,   1.13600,
,,,0.009400000000,   1.13600,
,,,0.009440000000,   1.13600,
,,,0.009480000000,   1.13600,
,,,0.009520000000,   1.14000,
,,,0.009560000000,   1.14000,
,,,0.009600000000,   1.14000,
,,,0.009640000000,   1.14400,
,,,0.009680000000,   1.14400,
,,,0.009720000000,   1.14400,
,,,0.009760000000,   1.14400,
,,,0.009800000000,   1.14400,
,,,0.009840000000,   1.14800,
,,,0.009880000000,   1.14800,
,,,0.009920000000,   1.14800,
,,,0.009960000000,   1.14800,
,,,0.010000000000,   1.15200,
,,,0.010040000000,   1.15200,
,,,0.010080000000,   1.15600,
,,,0.010120000000,   1.15600,
,,,0.010160000000,   1.15600,
,,,0.010200000000,   1.15600,
,,,0.010240000000,   1.15600,
,,,0.010280000000,   1.16000,
,,,0.010320000000,   1.16000,
,,,0.010360000000,   1.16000,
,,,0.010400000000,   1.16000,
,,,0.010440000000,   1.16400,
,,,0.010480000000,   1.16400,
,,,0.010520000000,   1.16800,
,,,0.010560000000,   1.16800,
,,,0.010600000000,   1.16800,
,,,0.010640000000,   1.17200,
,,,0.010680000000,   1.17200,
,,,0.010720000000,   1.17200,
,,,0.010760000000,   1.17600,
,,,0.010800000000,   1.17600,
,,,0.010840000000,   1.17600,
,,,0.010880000000,   1.17600,
,,,0.010920000000,   1.18000,
,,,0.010960000000,   1.18000,
,,,0.011000000000,   1.18400,
,,,0.011040000000,   1.18000,
,,,0.011080000000,   1.18400,
,,,0.011120000000,   1.18400,
,,,0.011160000000,   1.18400,
,,,0.011200000000,   1.18400,
,,,0.011240000000,   1.18800,
,,,0.011280000000,   1.18800,
,,,0.011320000000,   1.18800,
,,,0.011360000000,   1.18800,
,,,0.011400000000,   1.19200,
,,,0.011440000000,   1.19200,
,,,0.011480000000,   1.19200,
,,,0.011520000000,   1.19600,
,,,0.011560000000,   1.19600,
,,,0.011600000000,   1.20000,
,,,0.011640000000,   1.20000,
,,,0.011680000000,   1.20000,
,,,0.011720000000,   1.20000,
,,,0.011760000000,   1.20000,
,,,0.011800000000,   1.20400,
,,,0.011840000000,   1.20400,
,,,0.011880000000,   1.20800,
,,,0.011920000000,   1.20800,
,,,0.011960000000,   1.20800,
,,,0.012000000000,   1.20800,
,,,0.012040000000,   1.21200,
,,,0.012080000000,   1.21200,
,,,0.012120000000,   1.21200,
,,,0.012160000000,   1.21600,
,,,0.012200000000,   1.21600,
,,,0.012240000000,   1.22000,
,,,0.012280000000,   1.21600,
,,,0.012320000000,   1.22000,
,,,0.012360000000,   1.22000,
,,,0.012400000000,   1.22000,
,,,0.012440000000,   1.22400,
,,,0.012480000000,   1.22400,
,,,0.012520000000,   1.22400,
,,,0.012560000000,   1.22400,
,,,0.012600000000,   1.22800,
,,,0.012640000000,   1.22800,
,,,0.012680000000,   1.22800,
,,,0.012720000000,   1.22800,
,,,0.012760000000,   1.23200,
,,,0.012800000000,   1.23200,
,,,0.012840000000,   1.23200,
,,,0.012880000000,   1.23600,
,,,0.012920000000,   1.23600,
,,,0.012960000000,   1.23600,
,,,0.013000000000,   1.23600,
,,,0.013040000000,   1.24000,
,,,0.013080000000,   1.24000,
,,,0.013120000000,   1.24400,
,,,0.013160000000,   1.24400,
,,,0.013200000000,   1.24400,
,,,0.013240000000,   1.24400,
,,,0.013280000000,   1.24400,
,,,0.013320000000,   1.24800,
,,,0.013360000000,   1.24800,
,,,0.013400000000,   1.25200,
,,,0.013440000000,   1.25200,
,,,0.013480000000,   1.25200,
,,,0.013520000000,   1.25200,
,,,0.013560000000,   1.25200,
,,,0.013600000000,   1.25600,
,,,0.013640000000,   1.25600,
,,,0.013680000000,   1.26000,
,,,0.013720000000,   1.26000,
,,,0.013760000000,   1.26000,
,,,0.013800000000,   1.26400,
,,,0.013840000000,   1.26400,
,,,0.013880000000,   1.26400,
,,,0.013920000000,   1.26400,
,,,0.013960000000,   1.26800,
,,,0.014000000000,   1.26800,
,,,0.014040000000,   1.26800,
,,,0.014080000000,   1.26800,
,,,0.014120000000,   1.27200,
,,,0.014160000000,   1.27200,
,,,0.014200000000,   1.27600,
,,,0.014240000000,   1.27600,
,,,0.014280000000,   1.27600,
,,,0.014320000000,   1.27600,
,,,0.014360000000,   1.27600,
,,,0.014400000000,   1.27600,
,,,0.014440000000,   1.28000,
,,,0.014480000000,   1.28000,
,,,0.014520000000,   1.28400,
,,,0.014560000000,   1.28400,
,,,0.014600000000,   1.28400,
,,,0.014640000000,   1.28400,
,,,0.014680000000,   1.28800,
,,,0.014720000000,   1.28800,
,,,0.014760000000,   1.28800,
,,,0.014800000000,   1.29200,
,,,0.014840000000,   1.29200,
,,,0.014880000000,   1.29200,
,,,0.014920000000,   1.29200,
,,,0.014960000000,   1.29600,
,,,0.015000000000,   1.29600,
,,,0.015040000000,   1.29600,
,,,0.015080000000,   1.30000,
,,,0.015120000000,   1.30000,
,,,0.015160000000,   1.30000,
,,,0.015200000000,   1.30000,
,,,0.015240000000,   1.30000,
,,,0.015280000000,   1.30400,
,,,0.015320000000,   1.30400,
,,,0.015360000000,   1.30400,
,,,0.015400000000,   1.30800,
,,,0.015440000000,   1.30800,
,,,0.015480000000,   1.30800,
,,,0.015520000000,   1.30800,
,,,0.015560000000,   1.31200,
,,,0.015600000000,   1.31200,
,,,0.015640000000,   1.31600,
,,,0.015680000000,   1.31600,
,,,0.015720000000,   1.31600,
,,,0.015760000000,   1.31600,
,,,0.015800000000,   1.32000,
,,,0.015840000000,   1.32000,
,,,0.015880000000,   1.32000,
,,,0.015920000000,   1.32000,
,,,0.015960000000,   1.32400,
,,,0.016000000000,   1.32400,
,,,0.016040000000,   1.32400,
,,,0.016080000000,   1.32800,
,,,0.016120000000,   1.32800,
,,,0.016160000000,   1.32800,
,,,0.016200000000,   1.32800,
,,,0.016240000000,   1.33200,
,,,0.016280000000,   1.33200,
,,,0.016320000000,   1.33600,
,,,0.016360000000,   1.33200,
,,,0.016400000000,   1.33600,
,,,0.016440000000,   1.34000,
,,,0.016480000000,   1.34000,
,,,0.016520000000,   1.34000,
,,,0.016560000000,   1.34000,
,,,0.016600000000,   1.34000,
,,,0.016640000000,   1.34000,
,,,0.016680000000,   1.34400,
,,,0.016720000000,   1.34400,
,,,0.016760000000,   1.34400,
,,,0.016800000000,   1.34400,
,,,0.016840000000,   1.34400,
,,,0.016880000000,   1.34800,
,,,0.016920000000,   1.34800,
,,,0.016960000000,   1.35200,
,,,0.017000000000,   1.35200,
,,,0.017040000000,   1.35200,
,,,0.017080000000,   1.35200,
,,,0.017120000000,   1.35200,
,,,0.017160000000,   1.35600,
,,,0.017200000000,   1.35600,
,,,0.017240000000,   1.35600,
,,,0.017280000000,   1.36000,
,,,0.017320000000,   1.36000,
,,,0.017360000000,   1.36000,
,,,0.017400000000,   1.36000,
,,,0.017440000000,   1.36000,
,,,0.017480000000,   1.36400,
,,,0.017520000000,   1.36400,
,,,0.017560000000,   1.36400,
,,,0.017600000000,   1.36800,
,,,0.017640000000,   1.36800,
,,,0.017680000000,   1.36800,
,,,0.017720000000,   1.36800,
,,,0.017760000000,   1.37200,
,,,0.017800000000,   1.37200,
,,,0.017840000000,   1.37200,
,,,0.017880000000,   1.37200,
,,,0.017920000000,   1.37600,
,,,0.017960000000,   1.37600,
,,,0.018000000000,   1.37600,
,,,0.018040000000,   1.38000,
,,,0.018080000000,   1.38000,
,,,0.018120000000,   1.38000,
,,,0.018160000000,   1.38000,
,,,0.018200000000,   1.38000,
,,,0.018240000000,   1.38000,
,,,0.018280000000,   1.38400,
,,,0.018320000000,   1.38400,
,,,0.018360000000,   1.38400,
,,,0.018400000000,   1.38400,
,,,0.018440000000,   1.38800,
,,,0.018480000000,   1.38800,
,,,0.018520000000,   1.38800,
,,,0.018560000000,   1.38800,
,,,0.018600000000,   1.39200,
,,,0.018640000000,   1.39200,
,,,0.018680000000,   1.39200,
,,,0.018720000000,   1.39200,
,,,0.018760000000,   1.39600,
,,,0.018800000000,   1.39200,
,,,0.018840000000,   1.39600,
,,,0.018880000000,   1.39600,
,,,0.018920000000,   1.40000,
,,,0.018960000000,   1.40000,
,,,0.019000000000,   1.40000,
,,,0.019040000000,   1.40000,
,,,0.019080000000,   1.40000,
,,,0.019120000000,   1.40400,
,,,0.019160000000,   1.40800,
,,,0.019200000000,   1.40400,
,,,0.019240000000,   1.40800,
,,,0.019280000000,   1.40800,
,,,0.019320000000,   1.40800,
,,,0.019360000000,   1.41200,
,,,0.019400000000,   1.41200,
,,,0.019440000000,   1.41200,
,,,0.019480000000,   1.41200,
,,,0.019520000000,   1.41200,
,,,0.019560000000,   1.41200,
,,,0.019600000000,   1.41200,
,,,0.019640000000,   1.41600,
,,,0.019680000000,   1.41600,
,,,0.019720000000,   1.42000,
,,,0.019760000000,   1.42000,
,,,0.019800000000,   1.42000,
,,,0.019840000000,   1.42000,
,,,0.019880000000,   1.42000,
,,,0.019920000000,   1.42400,
,,,0.019960000000,   1.42400,
,,,0.020000000000,   1.42400,
,,,0.020040000000,   1.42400,
,,,0.020080000000,   1.42400,
,,,0.020120000000,   1.42800,
,,,0.020160000000,   1.42800,
,,,0.020200000000,   1.42800,
,,,0.020240000000,   1.42800,
,,,0.020280000000,   1.42800,
,,,0.020320000000,   1.43200,
,,,0.020360000000,   1.43200,
,,,0.020400000000,   1.43200,
,,,0.020440000000,   1.43200,
,,,0.020480000000,   1.43200,
,,,0.020520000000,   1.43600,
,,,0.020560000000,   1.43600,
,,,0.020600000000,   1.43600,
,,,0.020640000000,   1.43600,
,,,0.020680000000,   1.44000,
,,,0.020720000000,   1.43600,
,,,0.020760000000,   1.44000,
,,,0.020800000000,   1.44000,
,,,0.020840000000,   1.44000,
,,,0.020880000000,   1.44400,
,,,0.020920000000,   1.44400,
,,,0.020960000000,   1.44400,
,,,0.021000000000,   1.44400,
,,,0.021040000000,   1.44400,
,,,0.021080000000,   1.44400,
,,,0.021120000000,   1.44800,
,,,0.021160000000,   1.44800,
,,,0.021200000000,   1.44800,
,,,0.021240000000,   1.44800,
,,,0.021280000000,   1.45200,
,,,0.021320000000,   1.45200,
,,,0.021360000000,   1.45200,
,,,0.021400000000,   1.45600,
,,,0.021440000000,   1.45600,
,,,0.021480000000,   1.45200,
,,,0.021520000000,   1.45600,
,,,0.021560000000,   1.45600,
,,,0.021600000000,   1.46000,
,,,0.021640000000,   1.45600,
,,,0.021680000000,   1.45600,
,,,0.021720000000,   1.46000,
,,,0.021760000000,   1.46000,
,,,0.021800000000,   1.46000,
,,,0.021840000000,   1.46000,
,,,0.021880000000,   1.46400,
,,,0.021920000000,   1.46400,
,,,0.021960000000,   1.46400,
,,,0.022000000000,   1.46400,
,,,0.022040000000,   1.46400,
,,,0.022080000000,   1.46400,
,,,0.022120000000,   1.46800,
,,,0.022160000000,   1.46800,
,,,0.022200000000,   1.46800,
,,,0.022240000000,   1.46800,
,,,0.022280000000,   1.46800,
,,,0.022320000000,   1.46800,
,,,0.022360000000,   1.46800,
,,,0.022400000000,   1.47200,
,,,0.022440000000,   1.47200,
,,,0.022480000000,   1.47200,
,,,0.022520000000,   1.47600,
,,,0.022560000000,   1.47200,
,,,0.022600000000,   1.47600,
,,,0.022640000000,   1.47600,
,,,0.022680000000,   1.47600,
,,,0.022720000000,   1.47600,
,,,0.022760000000,   1.47600,
,,,0.022800000000,   1.48000,
,,,0.022840000000,   1.48000,
,,,0.022880000000,   1.48000,
,,,0.022920000000,   1.48000,
,,,0.022960000000,   1.48000,
,,,0.023000000000,   1.48400,
,,,0.023040000000,   1.48400,
,,,0.023080000000,   1.48800,
,,,0.023120000000,   1.48400,
,,,0.023160000000,   1.48400,
,,,0.023200000000,   1.48800,
,,,0.023240000000,   1.48800,
,,,0.023280000000,   1.48800,
,,,0.023320000000,   1.48800,
,,,0.023360000000,   1.49200,
,,,0.023400000000,   1.49200,
,,,0.023440000000,   1.49200,
,,,0.023480000000,   1.49200,
,,,0.023520000000,   1.49200,
,,,0.023560000000,   1.49200,
,,,0.023600000000,   1.49200,
,,,0.023640000000,   1.49200,
,,,0.023680000000,   1.49600,
,,,0.023720000000,   1.49600,
,,,0.023760000000,   1.49600,
,,,0.023800000000,   1.49600,
,,,0.023840000000,   1.50000,
,,,0.023880000000,   1.49600,
,,,0.023920000000,   1.49600,
,,,0.023960000000,   1.50000,
,,,0.024000000000,   1.49600,
,,,0.024040000000,   1.50000,
,,,0.024080000000,   1.50000,
,,,0.024120000000,   1.50400,
,,,0.024160000000,   1.50000,
,,,0.024200000000,   1.50400,
,,,0.024240000000,   1.50400,
,,,0.024280000000,   1.50400,
,,,0.024320000000,   1.50400,
,,,0.024360000000,   1.50000,
,,,0.024400000000,   1.50400,
,,,0.024440000000,   1.50400,
,,,0.024480000000,   1.50800,
,,,0.024520000000,   1.50400,
,,,0.024560000000,   1.50800,
,,,0.024600000000,   1.50800,
,,,0.024640000000,   1.50800,
,,,0.024680000000,   1.50800,
,,,0.024720000000,   1.50800,
,,,0.024760000000,   1.51200,
,,,0.024800000000,   1.51200,
,,,0.024840000000,   1.51200,
,,,0.024880000000,   1.51200,
,,,0.024920000000,   1.51200,
,,,0.024960000000,   1.51200,
,,,0.025000000000,   1.51200,
,,,0.025040000000,   1.51200,
,,,0.025080000000,   1.51600,
,,,0.025120000000,   1.51600,
,,,0.025160000000,   1.51600,
,,,0.025200000000,   1.51600,
,,,0.025240000000,   1.52000,
,,,0.025280000000,   1.51600,
,,,0.025320000000,   1.51600,
,,,0.025360000000,   1.52000,
,,,0.025400000000,   1.51600,
,,,0.025440000000,   1.52000,
,,,0.025480000000,   1.52000,
,,,0.025520000000,   1.52000,
,,,0.025560000000,   1.52000,
,,,0.025600000000,   1.52400,
,,,0.025640000000,   1.52000,
,,,0.025680000000,   1.52400,
,,,0.025720000000,   1.52400,
,,,0.025760000000,   1.52400,
,,,0.025800000000,   1.52400,
,,,0.025840000000,   1.52400,
,,,0.025880000000,   1.52400,
,,,0.025920000000,   1.52400,
,,,0.025960000000,   1.52800,
,,,0.026000000000,   1.52800,
,,,0.026040000000,   1.52800,
,,,0.026080000000,   1.52800,
,,,0.026120000000,   1.52400,
,,,0.026160000000,   1.52800,
,,,0.026200000000,   1.52800,
,,,0.026240000000,   1.52800,
,,,0.026280000000,   1.52800,
,,,0.026320000000,   1.53200,
,,,0.026360000000,   1.52800,
,,,0.026400000000,   1.53200,
,,,0.026440000000,   1.53200,
,,,0.026480000000,   1.53200,
,,,0.026520000000,   1.53200,
,,,0.026560000000,   1.53200,
,,,0.026600000000,   1.53200,
,,,0.026640000000,   1.53600,
,,,0.026680000000,   1.53600,
,,,0.026720000000,   1.53600,
,,,0.026760000000,   1.53600,
,,,0.026800000000,   1.53600,
,,,0.026840000000,   1.53600,
,,,0.026880000000,   1.53600,
,,,0.026920000000,   1.53600,
,,,0.026960000000,   1.53600,
,,,0.027000000000,   1.53600,
,,,0.027040000000,   1.53600,
,,,0.027080000000,   1.54000,
,,,0.027120000000,   1.54000,
,,,0.027160000000,   1.54000,
,,,0.027200000000,   1.54000,
,,,0.027240000000,   1.54000,
,,,0.027280000000,   1.54000,
,,,0.027320000000,   1.54000,
,,,0.027360000000,   1.54000,
,,,0.027400000000,   1.54400,
,,,0.027440000000,   1.54400,
,,,0.027480000000,   1.54000,
,,,0.027520000000,   1.54000,
,,,0.027560000000,   1.54400,
,,,0.027600000000,   1.54400,
,,,0.027640000000,   1.54400,
,,,0.027680000000,   1.54400,
,,,0.027720000000,   1.54400,
,,,0.027760000000,   1.54400,
,,,0.027800000000,   1.54400,
,,,0.027840000000,   1.54400,
,,,0.027880000000,   1.54400,
,,,0.027920000000,   1.54400,
,,,0.027960000000,   1.54800,
,,,0.028000000000,   1.54800,
,,,0.028040000000,   1.54800,
,,,0.028080000000,   1.54800,
,,,0.028120000000,   1.54800,
,,,0.028160000000,   1.54800,
,,,0.028200000000,   1.54800,
,,,0.028240000000,   1.54800,
,,,0.028280000000,   1.54800,
,,,0.028320000000,   1.54800,
,,,0.028360000000,   1.55200,
,,,0.028400000000,   1.54800,
,,,0.028440000000,   1.55200,
,,,0.028480000000,   1.54800,
,,,0.028520000000,   1.55200,
,,,0.028560000000,   1.55200,
,,,0.028600000000,   1.55200,
,,,0.028640000000,   1.55200,
,,,0.028680000000,   1.55200,
,,,0.028720000000,   1.55200,
,,,0.028760000000,   1.55200,
,,,0.028800000000,   1.55200,
,,,0.028840000000,   1.55200,
,,,0.028880000000,   1.55600,
,,,0.028920000000,   1.55200,
,,,0.028960000000,   1.55600,
,,,0.029000000000,   1.55600,
,,,0.029040000000,   1.55600,
,,,0.029080000000,   1.55600,
,,,0.029120000000,   1.55600,
,,,0.029160000000,   1.56000,
,,,0.029200000000,   1.55600,
,,,0.029240000000,   1.55600,
,,,0.029280000000,   1.55600,
,,,0.029320000000,   1.55600,
,,,0.029360000000,   1.55600,
,,,0.029400000000,   1.55600,
,,,0.029440000000,   1.56000,
,,,0.029480000000,   1.56000,
,,,0.029520000000,   1.55600,
,,,0.029560000000,   1.56000,
,,,0.029600000000,   1.56000,
,,,0.029640000000,   1.56000,
,,,0.029680000000,   1.56000,
,,,0.029720000000,   1.56000,
,,,0.029760000000,   1.55600,
,,,0.029800000000,   1.56000,
,,,0.029840000000,   1.56000,
,,,0.029880000000,   1.56000,
,,,0.029920000000,   1.56000,
,,,0.029960000000,   1.56000,
,,,0.030000000000,   1.56400,
,,,0.030040000000,   1.56400,
,,,0.030080000000,   1.56000,
,,,0.030120000000,   1.56000,
,,,0.030160000000,   1.56400,
,,,0.030200000000,   1.56400,
,,,0.030240000000,   1.56000,
,,,0.030280000000,   1.56400,
,,,0.030320000000,   1.56400,
,,,0.030360000000,   1.56400,
,,,0.030400000000,   1.56400,
,,,0.030440000000,   1.56400,
,,,0.030480000000,   1.56400,
,,,0.030520000000,   1.56400,
,,,0.030560000000,   1.56400,
,,,0.030600000000,   1.56400,
,,,0.030640000000,   1.56400,
,,,0.030680000000,   1.56400,
,,,0.030720000000,   1.56800,
,,,0.030760000000,   1.56400,
,,,0.030800000000,   1.56400,
,,,0.030840000000,   1.56800,
,,,0.030880000000,   1.56400,
,,,0.030920000000,   1.56800,
,,,0.030960000000,   1.56800,
,,,0.031000000000,   1.56400,
,,,0.031040000000,   1.56800,
,,,0.031080000000,   1.56400,
,,,0.031120000000,   1.56400,
,,,0.031160000000,   1.56800,
,,,0.031200000000,   1.57200,
,,,0.031240000000,   1.56800,
,,,0.031280000000,   1.56800,
,,,0.031320000000,   1.57200,
,,,0.031360000000,   1.56800,
,,,0.031400000000,   1.56800,
,,,0.031440000000,   1.56800,
,,,0.031480000000,   1.56800,
,,,0.031520000000,   1.56800,
,,,0.031560000000,   1.56800,
,,,0.031600000000,   1.56800,
,,,0.031640000000,   1.56800,
,,,0.031680000000,   1.56800,
,,,0.031720000000,   1.57200,
,,,0.031760000000,   1.57200,
,,,0.031800000000,   1.57200,
,,,0.031840000000,   1.57200,
,,,0.031880000000,   1.57200,
,,,0.031920000000,   1.56800,
,,,0.031960000000,   1.57200,
,,,0.032000000000,   1.57200,
,,,0.032040000000,   1.57200,
,,,0.032080000000,   1.57200,
,,,0.032120000000,   1.57200,
,,,0.032160000000,   1.57200,
,,,0.032200000000,   1.57200,
,,,0.032240000000,   1.57200,
,,,0.032280000000,   1.57200,
,,,0.032320000000,   1.57200,
,,,0.032360000000,   1.57200,
,,,0.032400000000,   1.57200,
,,,0.032440000000,   1.57200,
,,,0.032480000000,   1.57200,
,,,0.032520000000,   1.57200,
,,,0.032560000000,   1.57200,
,,,0.032600000000,   1.57200,
,,,0.032640000000,   1.57600,
,,,0.032680000000,   1.57600,
,,,0.032720000000,   1.57200,
,,,0.032760000000,   1.57200,
,,,0.032800000000,   1.57200,
,,,0.032840000000,   1.57200,
,,,0.032880000000,   1.57200,
,,,0.032920000000,   1.57600,
,,,0.032960000000,   1.57600,
,,,0.033000000000,   1.57200,
,,,0.033040000000,   1.57600,
,,,0.033080000000,   1.57600,
,,,0.033120000000,   1.57600,
,,,0.033160000000,   1.57600,
,,,0.033200000000,   1.57200,
,,,0.033240000000,   1.57600,
,,,0.033280000000,   1.57600,
,,,0.033320000000,   1.57200,
,,,0.033360000000,   1.57200,
,,,0.033400000000,   1.57200,
,,,0.033440000000,   1.57600,
,,,0.033480000000,   1.57600,
,,,0.033520000000,   1.57200,
,,,0.033560000000,   1.57600,
,,,0.033600000000,   1.57600,
,,,0.033640000000,   1.57600,
,,,0.033680000000,   1.57600,
,,,0.033720000000,   1.57200,
,,,0.033760000000,   1.57600,
,,,0.033800000000,   1.57600,
,,,0.033840000000,   1.57600,
,,,0.033880000000,   1.57200,
,,,0.033920000000,   1.57200,
,,,0.033960000000,   1.57600,
,,,0.034000000000,   1.57600,
,,,0.034040000000,   1.57600,
,,,0.034080000000,   1.57600,
,,,0.034120000000,   1.57200,
,,,0.034160000000,   1.57600,
,,,0.034200000000,   1.57600,
,,,0.034240000000,   1.57600,
,,,0.034280000000,   1.57600,
,,,0.034320000000,   1.57600,
,,,0.034360000000,   1.57600,
,,,0.034400000000,   1.57600,
,,,0.034440000000,   1.57600,
,,,0.034480000000,   1.57600,
,,,0.034520000000,   1.57600,
,,,0.034560000000,   1.58000,
,,,0.034600000000,   1.57600,
,,,0.034640000000,   1.57600,
,,,0.034680000000,   1.57600,
,,,0.034720000000,   1.57600,
,,,0.034760000000,   1.57600,
,,,0.034800000000,   1.57600,
,,,0.034840000000,   1.57600,
,,,0.034880000000,   1.57600,
,,,0.034920000000,   1.57600,
,,,0.034960000000,   1.57600,
,,,0.035000000000,   1.57200,
,,,0.035040000000,   1.57600,
,,,0.035080000000,   1.57200,
,,,0.035120000000,   1.57600,
,,,0.035160000000,   1.57600,
,,,0.035200000000,   1.57600,
,,,0.035240000000,   1.57600,
,,,0.035280000000,   1.57600,
,,,0.035320000000,   1.57600,
,,,0.035360000000,   1.57600,
,,,0.035400000000,   1.57600,
,,,0.035440000000,   1.57600,
,,,0.035480000000,   1.57600,
,,,0.035520000000,   1.57600,
,,,0.035560000000,   1.57600,
,,,0.035600000000,   1.57600,
,,,0.035640000000,   1.57600,
,,,0.035680000000,   1.57200,
,,,0.035720000000,   1.57600,
,,,0.035760000000,   1.57200,
,,,0.035800000000,   1.57600,
,,,0.035840000000,   1.57600,
,,,0.035880000000,   1.57600,
,,,0.035920000000,   1.57600,
,,,0.035960000000,   1.57600,
,,,0.036000000000,   1.57600,
,,,0.036040000000,   1.57200,
,,,0.036080000000,   1.57600,
,,,0.036120000000,   1.57200,
,,,0.036160000000,   1.57200,
,,,0.036200000000,   1.57200,
,,,0.036240000000,   1.57600,
,,,0.036280000000,   1.57200,
,,,0.036320000000,   1.57200,
,,,0.036360000000,   1.57600,
,,,0.036400000000,   1.57600,
,,,0.036440000000,   1.57200,
,,,0.036480000000,   1.57200,
,,,0.036520000000,   1.57200,
,,,0.036560000000,   1.57600,
,,,0.036600000000,   1.57200,
,,,0.036640000000,   1.57600,
,,,0.036680000000,   1.57200,
,,,0.036720000000,   1.57200,
,,,0.036760000000,   1.57200,
,,,0.036800000000,   1.57200,
,,,0.036840000000,   1.57200,
,,,0.036880000000,   1.57200,
,,,0.036920000000,   1.57200,
,,,0.036960000000,   1.57200,
,,,0.037000000000,   1.57200,
,,,0.037040000000,   1.57200,
,,,0.037080000000,   1.57200,
,,,0.037120000000,   1.57200,
,,,0.037160000000,   1.57200,
,,,0.037200000000,   1.57200,
,,,0.037240000000,   1.57200,
,,,0.037280000000,   1.57200,
,,,0.037320000000,   1.57200,
,,,0.037360000000,   1.56800,
,,,0.037400000000,   1.57200,
,,,0.037440000000,   1.57200,
,,,0.037480000000,   1.57200,
,,,0.037520000000,   1.57200,
,,,0.037560000000,   1.57200,
,,,0.037600000000,   1.57200,
,,,0.037640000000,   1.57200,
,,,0.037680000000,   1.57200,
,,,0.037720000000,   1.56800,
,,,0.037760000000,   1.57200,
,,,0.037800000000,   1.56800,
,,,0.037840000000,   1.56800,
,,,0.037880000000,   1.57200,
,,,0.037920000000,   1.57200,
,,,0.037960000000,   1.56800,
,,,0.038000000000,   1.57200,
,,,0.038040000000,   1.56800,
,,,0.038080000000,   1.57200,
,,,0.038120000000,   1.56800,
,,,0.038160000000,   1.57200,
,,,0.038200000000,   1.56800,
,,,0.038240000000,   1.56800,
,,,0.038280000000,   1.57200,
,,,0.038320000000,   1.56800,
,,,0.038360000000,   1.56800,
,,,0.038400000000,   1.56800,
,,,0.038440000000,   1.56800,
,,,0.038480000000,   1.56800,
,,,0.038520000000,   1.56800,
,,,0.038560000000,   1.56800,
,,,0.038600000000,   1.56800,
,,,0.038640000000,   1.56800,
,,,0.038680000000,   1.56800,
,,,0.038720000000,   1.56800,
,,,0.038760000000,   1.56800,
,,,0.038800000000,   1.56800,
,,,0.038840000000,   1.56800,
,,,0.038880000000,   1.56800,
,,,0.038920000000,   1.56800,
,,,0.038960000000,   1.56800,
,,,0.039000000000,   1.56800,
,,,0.039040000000,   1.56400,
,,,0.039080000000,   1.56800,
,,,0.039120000000,   1.56400,
,,,0.039160000000,   1.56400,
,,,0.039200000000,   1.56400,
,,,0.039240000000,   1.56400,
,,,0.039280000000,   1.56400,
,,,0.039320000000,   1.56400,
,,,0.039360000000,   1.56400,
,,,0.039400000000,   1.56800,
,,,0.039440000000,   1.56400,
,,,0.039480000000,   1.56400,
,,,0.039520000000,   1.56400,
,,,0.039560000000,   1.56400,
,,,0.039600000000,   1.56400,
,,,0.039640000000,   1.56400,
,,,0.039680000000,   1.56400,
,,,0.039720000000,   1.56400,
,,,0.039760000000,   1.56400,
,,,0.039800000000,   1.56400,
,,,0.039840000000,   1.56400,
,,,0.039880000000,   1.56000,
,,,0.039920000000,   1.56000,
,,,0.039960000000,   1.56400,
,,,0.040000000000,   1.56400,
,,,0.040040000000,   1.56400,
,,,0.040080000000,   1.56000,
,,,0.040120000000,   1.56000,
,,,0.040160000000,   1.56000,
,,,0.040200000000,   1.56000,
,,,0.040240000000,   1.56000,
,,,0.040280000000,   1.56000,
,,,0.040320000000,   1.56000,
,,,0.040360000000,   1.56000,
,,,0.040400000000,   1.56000,
,,,0.040440000000,   1.56000,
,,,0.040480000000,   1.56000,
,,,0.040520000000,   1.56000,
,,,0.040560000000,   1.56000,
,,,0.040600000000,   1.56000,
,,,0.040640000000,   1.56000,
,,,0.040680000000,   1.56000,
,,,0.040720000000,   1.56000,
,,,0.040760000000,   1.56000,
,,,0.040800000000,   1.56000,
,,,0.040840000000,   1.56000,
,,,0.040880000000,   1.55600,
,,,0.040920000000,   1.55600,
,,,0.040960000000,   1.55600,
,,,0.041000000000,   1.55600,
,,,0.041040000000,   1.56000,
,,,0.041080000000,   1.56000,
,,,0.041120000000,   1.55600,
,,,0.041160000000,   1.56000,
,,,0.041200000000,   1.55600,
,,,0.041240000000,   1.56000,
,,,0.041280000000,   1.55600,
,,,0.041320000000,   1.55600,
,,,0.041360000000,   1.55600,
,,,0.041400000000,   1.55600,
,,,0.041440000000,   1.55600,
,,,0.041480000000,   1.55600,
,,,0.041520000000,   1.55600,
,,,0.041560000000,   1.55600,
,,,0.041600000000,   1.55600,
,,,0.041640000000,   1.55600,
,,,0.041680000000,   1.55600,
,,,0.041720000000,   1.55600,
,,,0.041760000000,   1.55200,
,,,0.041800000000,   1.55600,
,,,0.041840000000,   1.55200,
,,,0.041880000000,   1.55600,
,,,0.041920000000,   1.55600,
,,,0.041960000000,   1.55200,
,,,0.042000000000,   1.55600,
,,,0.042040000000,   1.55200,
,,,0.042080000000,   1.55200,
,,,0.042120000000,   1.55200,
,,,0.042160000000,   1.55200,
,,,0.042200000000,   1.55200,
,,,0.042240000000,   1.55200,
,,,0.042280000000,   1.55200,
,,,0.042320000000,   1.55200,
,,,0.042360000000,   1.55200,
,,,0.042400000000,   1.55200,
,,,0.042440000000,   1.55200,
,,,0.042480000000,   1.55200,
,,,0.042520000000,   1.55200,
,,,0.042560000000,   1.55200,
,,,0.042600000000,   1.55200,
,,,0.042640000000,   1.55200,
,,,0.042680000000,   1.55200,
,,,0.042720000000,   1.55200,
,,,0.042760000000,   1.54800,
,,,0.042800000000,   1.55200,
,,,0.042840000000,   1.54800,
,,,0.042880000000,   1.55200,
,,,0.042920000000,   1.55200,
,,,0.042960000000,   1.54800,
,,,0.043000000000,   1.54800,
,,,0.043040000000,   1.54800,
,,,0.043080000000,   1.54800,
,,,0.043120000000,   1.54800,
,,,0.043160000000,   1.54800,
,,,0.043200000000,   1.54800,
,,,0.043240000000,   1.54800,
,,,0.043280000000,   1.54800,
,,,0.043320000000,   1.54400,
,,,0.043360000000,   1.54800,
,,,0.043400000000,   1.54800,
,,,0.043440000000,   1.54800,
,,,0.043480000000,   1.54800,
,,,0.043520000000,   1.54800,
,,,0.043560000000,   1.54800,
,,,0.043600000000,   1.54800,
,,,0.043640000000,   1.54800,
,,,0.043680000000,   1.54800,
,,,0.043720000000,   1.54400,
,,,0.043760000000,   1.54800,
,,,0.043800000000,   1.54800,
,,,0.043840000000,   1.54400,
,,,0.043880000000,   1.54400,
,,,0.043920000000,   1.54400,
,,,0.043960000000,   1.54400,
,,,0.044000000000,   1.54400,
,,,0.044040000000,   1.54400,
,,,0.044080000000,   1.54400,
,,,0.044120000000,   1.54400,
,,,0.044160000000,   1.54400,
,,,0.044200000000,   1.54400,
,,,0.044240000000,   1.54400,
,,,0.044280000000,   1.54400,
,,,0.044320000000,   1.54000,
,,,0.044360000000,   1.54400,
,,,0.044400000000,   1.54400,
,,,0.044440000000,   1.54000,
,,,0.044480000000,   1.54400,
,,,0.044520000000,   1.54000,
,,,0.044560000000,   1.54400,
,,,0.044600000000,   1.54400,
,,,0.044640000000,   1.54000,
,,,0.044680000000,   1.54000,
,,,0.044720000000,   1.54000,
,,,0.044760000000,   1.54000,
,,,0.044800000000,   1.54000,
,,,0.044840000000,   1.54000,
,,,0.044880000000,   1.54000,
,,,0.044920000000,   1.54000,
,,,0.044960000000,   1.54000,
,,,0.045000000000,   1.54000,
,,,0.045040000000,   1.54000,
,,,0.045080000000,   1.54000,
,,,0.045120000000,   1.54000,
,,,0.045160000000,   1.54000,
,,,0.045200000000,   1.54000,
,,,0.045240000000,   1.54000,
,,,0.045280000000,   1.54000,
,,,0.045320000000,   1.54000,
,,,0.045360000000,   1.54000,
,,,0.045400000000,   1.54000,
,,,0.045440000000,   1.54000,
,,,0.045480000000,   1.54000,
,,,0.045520000000,   1.54000,
,,,0.045560000000,   1.53600,
,,,0.045600000000,   1.53600,
,,,0.045640000000,   1.53600,
,,,0.045680000000,   1.53600,
,,,0.045720000000,   1.54000,
,,,0.045760000000,   1.53600,
,,,0.045800000000,   1.53600,
,,,0.045840000000,   1.53600,
,,,0.045880000000,   1.53600,
,,,0.045920000000,   1.53600,
,,,0.045960000000,   1.53600,
,,,0.046000000000,   1.53600,
,,,0.046040000000,   1.53600,
,,,0.046080000000,   1.53600,
,,,0.046120000000,   1.53200,
,,,0.046160000000,   1.53200,
,,,0.046200000000,   1.53600,
,,,0.046240000000,   1.53600,
,,,0.046280000000,   1.53600,
,,,0.046320000000,   1.53600,
,,,0.046360000000,   1.53200,
,,,0.046400000000,   1.53600,
,,,0.046440000000,   1.53200,
,,,0.046480000000,   1.53200,
,,,0.046520000000,   1.53200,
,,,0.046560000000,   1.53200,
,,,0.046600000000,   1.53200,
,,,0.046640000000,   1.53200,
,,,0.046680000000,   1.53200,
,,,0.046720000000,   1.53200,
,,,0.046760000000,   1.53200,
,,,0.046800000000,   1.53200,
,,,0.046840000000,   1.53200,
,,,0.046880000000,   1.53200,
,,,0.046920000000,   1.52800,
,,,0.046960000000,   1.53200,
,,,0.047000000000,   1.52800,
,,,0.047040000000,   1.53200,
,,,0.047080000000,   1.53200,
,,,0.047120000000,   1.53200,
,,,0.047160000000,   1.52800,
,,,0.047200000000,   1.52800,
,,,0.047240000000,   1.52800,
,,,0.047280000000,   1.52800,
,,,0.047320000000,   1.52800,
,,,0.047360000000,   1.52800,
,,,0.047400000000,   1.52800,
,,,0.047440000000,   1.52800,
,,,0.047480000000,   1.52800,
,,,0.047520000000,   1.52400,
,,,0.047560000000,   1.52800,
,,,0.047600000000,   1.52800,
,,,0.047640000000,   1.52800,
,,,0.047680000000,   1.52800,
,,,0.047720000000,   1.52800,
,,,0.047760000000,   1.52400,
,,,0.047800000000,   1.52800,
,,,0.047840000000,   1.52800,
,,,0.047880000000,   1.52400,
,,,0.047920000000,   1.52800,
,,,0.047960000000,   1.52400,
,,,0.048000000000,   1.52800,
,,,0.048040000000,   1.52400,
,,,0.048080000000,   1.52400,
,,,0.048120000000,   1.52400,
,,,0.048160000000,   1.52400,
,,,0.048200000000,   1.52400,
,,,0.048240000000,   1.52400,
,,,0.048280000000,   1.52400,
,,,0.048320000000,   1.52400,
,,,0.048360000000,   1.52400,
,,,0.048400000000,   1.52400,
,,,0.048440000000,   1.52400,
,,,0.048480000000,   1.52400,
,,,0.048520000000,   1.52400,
,,,0.048560000000,   1.52400,
,,,0.048600000000,   1.52000,
,,,0.048640000000,   1.52000,
,,,0.048680000000,   1.52000,
,,,0.048720000000,   1.52400,
,,,0.048760000000,   1.52000,
,,,0.048800000000,   1.52400,
,,,0.048840000000,   1.52400,
,,,0.048880000000,   1.52000,
,,,0.048920000000,   1.52000,
,,,0.048960000000,   1.52000,
,,,0.049000000000,   1.52000,
,,,0.049040000000,   1.52000,
,,,0.049080000000,   1.52000,
,,,0.049120000000,   1.52000,
,,,0.049160000000,   1.52000,
,,,0.049200000000,   1.52000,
,,,0.049240000000,   1.52000,
,,,0.049280000000,   1.52000,
,,,0.049320000000,   1.51600,
,,,0.049360000000,   1.52000,
,,,0.049400000000,   1.52000,
,,,0.049440000000,   1.52000,
,,,0.049480000000,   1.51600,
,,,0.049520000000,   1.52000,
,,,0.049560000000,   1.51600,
,,,0.049600000000,   1.51600,
,,,0.049640000000,   1.51600,
,,,0.049680000000,   1.51600,
,,,0.049720000000,   1.51600,
,,,0.049760000000,   1.51600,
,,,0.049800000000,   1.51600,
,,,0.049840000000,   1.51600,
,,,0.049880000000,   1.51600,
,,,0.049920000000,   1.51600,
,,,0.049960000000,   1.51600,
,,,0.050000000000,   1.51600,
,,,0.050040000000,   1.51600,
,,,0.050080000000,   1.51600,
,,,0.050120000000,   1.51600,
,,,0.050160000000,   1.51200,
,,,0.050200000000,   1.51600,
,,,0.050240000000,   1.51200,
,,,0.050280000000,   1.51200,
,,,0.050320000000,   1.51600,
,,,0.050360000000,   1.51200,
,,,0.050400000000,   1.51600,
,,,0.050440000000,   1.51600,
,,,0.050480000000,   1.51600,
,,,0.050520000000,   1.51200,
,,,0.050560000000,   1.51200,
,,,0.050600000000,   1.51200,
,,,0.050640000000,   1.51600,
,,,0.050680000000,   1.51200,
,,,0.050720000000,   1.51200,
,,,0.050760000000,   1.51200,
,,,0.050800000000,   1.51200,
,,,0.050840000000,   1.51200,
,,,0.050880000000,   1.51200,
,,,0.050920000000,   1.50800,
,,,0.050960000000,   1.50800,
,,,0.051000000000,   1.51200,
,,,0.051040000000,   1.51200,
,,,0.051080000000,   1.50800,
,,,0.051120000000,   1.51200,
,,,0.051160000000,   1.51200,
,,,0.051200000000,   1.50800,
,,,0.051240000000,   1.51200,
,,,0.051280000000,   1.50800,
,,,0.051320000000,   1.50800,
,,,0.051360000000,   1.50800,
,,,0.051400000000,   1.50800,
,,,0.051440000000,   1.50800,
,,,0.051480000000,   1.50800,
,,,0.051520000000,   1.50800,
,,,0.051560000000,   1.50800,
,,,0.051600000000,   1.50800,
,,,0.051640000000,   1.50800,
,,,0.051680000000,   1.50800,
,,,0.051720000000,   1.50800,
,,,0.051760000000,   1.50800,
,,,0.051800000000,   1.50800,
,,,0.051840000000,   1.50800,
,,,0.051880000000,   1.50800,
,,,0.051920000000,   1.50800,
,,,0.051960000000,   1.50800,
,,,0.052000000000,   1.50400,
,,,0.052040000000,   1.50400,
,,,0.052080000000,   1.50800,
,,,0.052120000000,   1.50800,
,,,0.052160000000,   1.50800,
,,,0.052200000000,   1.50400,
,,,0.052240000000,   1.50400,
,,,0.052280000000,   1.50400,
,,,0.052320000000,   1.50400,
,,,0.052360000000,   1.50800,
,,,0.052400000000,   1.50400,
,,,0.052440000000,   1.50400,
,,,0.052480000000,   1.50400,
,,,0.052520000000,   1.50400,
,,,0.052560000000,   1.50400,
,,,0.052600000000,   1.50400,
,,,0.052640000000,   1.50400,
,,,0.052680000000,   1.50400,
,,,0.052720000000,   1.50400,
,,,0.052760000000,   1.50400,
,,,0.052800000000,   1.50400,
,,,0.052840000000,   1.50000,
,,,0.052880000000,   1.50400,
,,,0.052920000000,   1.50400,
,,,0.052960000000,   1.50000,
,,,0.053000000000,   1.50400,
,,,0.053040000000,   1.50400,
,,,0.053080000000,   1.50000,
,,,0.053120000000,   1.50400,
,,,0.053160000000,   1.50400,
,,,0.053200000000,   1.50000,
,,,0.053240000000,   1.50000,
,,,0.053280000000,   1.50000,
,,,0.053320000000,   1.50000,
,,,0.053360000000,   1.50000,
,,,0.053400000000,   1.50000,
,,,0.053440000000,   1.50000,
,,,0.053480000000,   1.50000,
,,,0.053520000000,   1.50000,
,,,0.053560000000,   1.50000,
,,,0.053600000000,   1.50000,
,,,0.053640000000,   1.50000,
,,,0.053680000000,   1.50000,
,,,0.053720000000,   1.50000,
,,,0.053760000000,   1.50000,
,,,0.053800000000,   1.50000,
,,,0.053840000000,   1.50000,
,,,0.053880000000,   1.50000,
,,,0.053920000000,   1.50000,
,,,0.053960000000,   1.50000,
,,,0.054000000000,   1.50000,
,,,0.054040000000,   1.50000,
,,,0.054080000000,   1.50000,
,,,0.054120000000,   1.49600,
,,,0.054160000000,   1.49600,
,,,0.054200000000,   1.49600,
,,,0.054240000000,   1.49600,
,,,0.054280000000,   1.50000,
,,,0.054320000000,   1.50000,
,,,0.054360000000,   1.49600,
,,,0.054400000000,   1.50000,
,,,0.054440000000,   1.50000,
,,,0.054480000000,   1.49600,
,,,0.054520000000,   1.49600,
,,,0.054560000000,   1.50000,
,,,0.054600000000,   1.49600,
,,,0.054640000000,   1.49600,
,,,0.054680000000,   1.49600,
,,,0.054720000000,   1.49600,
,,,0.054760000000,   1.49600,
,,,0.054800000000,   1.49600,
,,,0.054840000000,   1.49600,
,,,0.054880000000,   1.49600,
,,,0.054920000000,   1.49600,
,,,0.054960000000,   1.49600,
,,,0.055000000000,   1.49600,
,,,0.055040000000,   1.49200,
,,,0.055080000000,   1.49600,
,,,0.055120000000,   1.49600,
,,,0.055160000000,   1.49200,
,,,0.055200000000,   1.49200,
,,,0.055240000000,   1.49600,
,,,0.055280000000,   1.49600,
,,,0.055320000000,   1.49200,
,,,0.055360000000,   1.49600,
,,,0.055400000000,   1.49600,
,,,0.055440000000,   1.49600,
,,,0.055480000000,   1.49600,
,,,0.055520000000,   1.49600,
,,,0.055560000000,   1.49200,
,,,0.055600000000,   1.49200,
,,,0.055640000000,   1.49200,
,,,0.055680000000,   1.49600,
,,,0.055720000000,   1.49600,
,,,0.055760000000,   1.49600,
,,,0.055800000000,   1.49200,
,,,0.055840000000,   1.49200,
,,,0.055880000000,   1.49200,
,,,0.055920000000,   1.49200,
,,,0.055960000000,   1.49200,
,,,0.056000000000,   1.49200,
,,,0.056040000000,   1.49200,
,,,0.056080000000,   1.49200,
,,,0.056120000000,   1.49200,
,,,0.056160000000,   1.49200,
,,,0.056200000000,   1.49200,
,,,0.056240000000,   1.49600,
,,,0.056280000000,   1.49200,
,,,0.056320000000,   1.49200,
,,,0.056360000000,   1.49200,
,,,0.056400000000,   1.49200,
,,,0.056440000000,   1.49200,
,,,0.056480000000,   1.49200,
,,,0.056520000000,   1.49200,
,,,0.056560000000,   1.49200,
,,,0.056600000000,   1.49200,
,,,0.056640000000,   1.49200,
,,,0.056680000000,   1.49200,
,,,0.056720000000,   1.49200,
,,,0.056760000000,   1.49200,
,,,0.056800000000,   1.49200,
,,,0.056840000000,   1.49200,
,,,0.056880000000,   1.49200,
,,,0.056920000000,   1.49200,
,,,0.056960000000,   1.48800,
,,,0.057000000000,   1.48800,
,,,0.057040000000,   1.48800,
,,,0.057080000000,   1.48800,
,,,0.057120000000,   1.48800,
,,,0.057160000000,   1.48800,
,,,0.057200000000,   1.48800,
,,,0.057240000000,   1.48800,
,,,0.057280000000,   1.48800,
,,,0.057320000000,   1.48800,
,,,0.057360000000,   1.48800,
,,,0.057400000000,   1.49200,
,,,0.057440000000,   1.48800,
,,,0.057480000000,   1.48800,
,,,0.057520000000,   1.48800,
,,,0.057560000000,   1.48800,
,,,0.057600000000,   1.48800,
,,,0.057640000000,   1.48800,
,,,0.057680000000,   1.48800,
,,,0.057720000000,   1.48800,
,,,0.057760000000,   1.48800,
,,,0.057800000000,   1.48800,
,,,0.057840000000,   1.48800,
,,,0.057880000000,   1.48800,
,,,0.057920000000,   1.48400,
,,,0.057960000000,   1.48400,
,,,0.058000000000,   1.48800,
,,,0.058040000000,   1.48800,
,,,0.058080000000,   1.48800,
,,,0.058120000000,   1.48400,
,,,0.058160000000,   1.48800,
,,,0.058200000000,   1.48800,
,,,0.058240000000,   1.48400,
,,,0.058280000000,   1.48400,
,,,0.058320000000,   1.48800,
,,,0.058360000000,   1.48400,
,,,0.058400000000,   1.48800,
,,,0.058440000000,   1.48400,
,,,0.058480000000,   1.48400,
,,,0.058520000000,   1.48400,
,,,0.058560000000,   1.48400,
,,,0.058600000000,   1.48400,
,,,0.058640000000,   1.48400,
,,,0.058680000000,   1.48400,
,,,0.058720000000,   1.48400,
,,,0.058760000000,   1.48400,
,,,0.058800000000,   1.48400,
,,,0.058840000000,   1.48400,
,,,0.058880000000,   1.48400,
,,,0.058920000000,   1.48400,
,,,0.058960000000,   1.48800,
,,,0.059000000000,   1.48400,
,,,0.059040000000,   1.48400,
,,,0.059080000000,   1.48400,
,,,0.059120000000,   1.48400,
,,,0.059160000000,   1.48000,
,,,0.059200000000,   1.48400,
,,,0.059240000000,   1.48400,
,,,0.059280000000,   1.48400,
,,,0.059320000000,   1.48400,
,,,0.059360000000,   1.48400,
,,,0.059400000000,   1.48400,
,,,0.059440000000,   1.48400,
,,,0.059480000000,   1.48400,
,,,0.059520000000,   1.48400,
,,,0.059560000000,   1.48400,
,,,0.059600000000,   1.48400,
,,,0.059640000000,   1.48400,
,,,0.059680000000,   1.48400,
,,,0.059720000000,   1.48400,
,,,0.059760000000,   1.48400,
,,,0.059800000000,   1.48400,
,,,0.059840000000,   1.48400,
,,,0.059880000000,   1.48400,
,,,0.059920000000,   1.48400,
,,,0.059960000000,   1.48400,
,,,0.060000000000,   1.48000,
,,,0.060040000000,   1.48000,
,,,0.060080000000,   1.48400,
,,,0.060120000000,   1.48000,
,,,0.060160000000,   1.48000,
,,,0.060200000000,   1.48000,
,,,0.060240000000,   1.48400,
,,,0.060280000000,   1.48000,
,,,0.060320000000,   1.48000,
,,,0.060360000000,   1.48000,
,,,0.060400000000,   1.48000,
,,,0.060440000000,   1.48000,
,,,0.060480000000,   1.48000,
,,,0.060520000000,   1.48000,
,,,0.060560000000,   1.48000,
,,,0.060600000000,   1.48000,
,,,0.060640000000,   1.48000,
,,,0.060680000000,   1.48000,
,,,0.060720000000,   1.48000,
,,,0.060760000000,   1.48000,
,,,0.060800000000,   1.48000,
,,,0.060840000000,   1.48000,
,,,0.060880000000,   1.48400,
,,,0.060920000000,   1.48000,
,,,0.060960000000,   1.48000,
,,,0.061000000000,   1.48400,
,,,0.061040000000,   1.48000,
,,,0.061080000000,   1.48000,
,,,0.061120000000,   1.48000,
,,,0.061160000000,   1.48000,
,,,0.061200000000,   1.48000,
,,,0.061240000000,   1.48000,
,,,0.061280000000,   1.48000,
,,,0.061320000000,   1.48000,
,,,0.061360000000,   1.48400,
,,,0.061400000000,   1.48000,
,,,0.061440000000,   1.47600,
,,,0.061480000000,   1.48000,
,,,0.061520000000,   1.48000,
,,,0.061560000000,   1.48000,
,,,0.061600000000,   1.48000,
,,,0.061640000000,   1.48000,
,,,0.061680000000,   1.48000,
,,,0.061720000000,   1.48000,
,,,0.061760000000,   1.47600,
,,,0.061800000000,   1.48000,
,,,0.061840000000,   1.47600,
,,,0.061880000000,   1.48000,
,,,0.061920000000,   1.47600,
,,,0.061960000000,   1.47600,
,,,0.062000000000,   1.48000,
,,,0.062040000000,   1.47600,
,,,0.062080000000,   1.48000,
,,,0.062120000000,   1.48000,
,,,0.062160000000,   1.48000,
,,,0.062200000000,   1.47600,
,,,0.062240000000,   1.48000,
,,,0.062280000000,   1.48000,
,,,0.062320000000,   1.47600,
,,,0.062360000000,   1.48000,
,,,0.062400000000,   1.47600,
,,,0.062440000000,   1.47600,
,,,0.062480000000,   1.47600,
,,,0.062520000000,   1.47600,
,,,0.062560000000,   1.47600,
,,,0.062600000000,   1.48000,
,,,0.062640000000,   1.48000,
,,,0.062680000000,   1.47600,
,,,0.062720000000,   1.47600,
,,,0.062760000000,   1.48000,
,,,0.062800000000,   1.47600,
,,,0.062840000000,   1.47600,
,,,0.062880000000,   1.47600,
,,,0.062920000000,   1.47600,
,,,0.062960000000,   1.48000,
,,,0.063000000000,   1.47600,
,,,0.063040000000,   1.47600,
,,,0.063080000000,   1.47600,
,,,0.063120000000,   1.47600,
,,,0.063160000000,   1.47600,
,,,0.063200000000,   1.47600,
,,,0.063240000000,   1.47600,
,,,0.063280000000,   1.47600,
,,,0.063320000000,   1.47600,
,,,0.063360000000,   1.47600,
,,,0.063400000000,   1.47600,
,,,0.063440000000,   1.47600,
,,,0.063480000000,   1.47600,
,,,0.063520000000,   1.47600,
,,,0.063560000000,   1.47600,
,,,0.063600000000,   1.47600,
,,,0.063640000000,   1.47600,
,,,0.063680000000,   1.47600,
,,,0.063720000000,   1.48000,
,,,0.063760000000,   1.47600,
,,,0.063800000000,   1.47600,
,,,0.063840000000,   1.48000,
,,,0.063880000000,   1.47600,
,,,0.063920000000,   1.47600,
,,,0.063960000000,   1.47600,
,,,0.064000000000,   1.47600,
,,,0.064040000000,   1.47600,
,,,0.064080000000,   1.47600,
,,,0.064120000000,   1.48000,
,,,0.064160000000,   1.47600,
,,,0.064200000000,   1.47600,
,,,0.064240000000,   1.47600,
,,,0.064280000000,   1.47600,
,,,0.064320000000,   1.47600,
,,,0.064360000000,   1.47600,
,,,0.064400000000,   1.47600,
,,,0.064440000000,   1.47600,
,,,0.064480000000,   1.47600,
,,,0.064520000000,   1.47600,
,,,0.064560000000,   1.47600,
,,,0.064600000000,   1.47600,
,,,0.064640000000,   1.47600,
,,,0.064680000000,   1.47600,
,,,0.064720000000,   1.47600,
,,,0.064760000000,   1.47600,
,,,0.064800000000,   1.47600,
,,,0.064840000000,   1.47600,
,,,0.064880000000,   1.47600,
,,,0.064920000000,   1.47600,
,,,0.064960000000,   1.47600,
,,,0.065000000000,   1.47600,
,,,0.065040000000,   1.47600,
,,,0.065080000000,   1.47600,
,,,0.065120000000,   1.47600,
,,,0.065160000000,   1.47600,
,,,0.065200000000,   1.47600,
,,,0.065240000000,   1.47600,
,,,0.065280000000,   1.47600,
,,,0.065320000000,   1.47600,
,,,0.065360000000,   1.47600,
,,,0.065400000000,   1.47600,
,,,0.065440000000,   1.47600,
,,,0.065480000000,   1.47600,
,,,0.065520000000,   1.47600,
,,,0.065560000000,   1.47600,
,,,0.065600000000,   1.47600,
,,,0.065640000000,   1.47600,
,,,0.065680000000,   1.47600,
,,,0.065720000000,   1.47200,
,,,0.065760000000,   1.47600,
,,,0.065800000000,   1.47600,
,,,0.065840000000,   1.47600,
,,,0.065880000000,   1.47600,
,,,0.065920000000,   1.47600,
,,,0.065960000000,   1.47600,
,,,0.066000000000,   1.47600,
,,,0.066040000000,   1.47600,
,,,0.066080000000,   1.47600,
,,,0.066120000000,   1.47600,
,,,0.066160000000,   1.47200,
,,,0.066200000000,   1.47600,
,,,0.066240000000,   1.47600,
,,,0.066280000000,   1.47200,
,,,0.066320000000,   1.47600,
,,,0.066360000000,   1.47200,
,,,0.066400000000,   1.47600,
,,,0.066440000000,   1.47600,
,,,0.066480000000,   1.47600,
,,,0.066520000000,   1.47600,
,,,0.066560000000,   1.47600,
,,,0.066600000000,   1.47200,
,,,0.066640000000,   1.47600,
,,,0.066680000000,   1.47600,
,,,0.066720000000,   1.47600,
,,,0.066760000000,   1.47600,
,,,0.066800000000,   1.47600,
,,,0.066840000000,   1.47600,
,,,0.066880000000,   1.47600,
,,,0.066920000000,   1.47600,
,,,0.066960000000,   1.47600,
,,,0.067000000000,   1.47600,
,,,0.067040000000,   1.47600,
,,,0.067080000000,   1.47600,
,,,0.067120000000,   1.47200,
,,,0.067160000000,   1.47600,
,,,0.067200000000,   1.47200,
,,,0.067240000000,   1.47600,
,,,0.067280000000,   1.47600,
,,,0.067320000000,   1.47600,
,,,0.067360000000,   1.47600,
,,,0.067400000000,   1.47600,
,,,0.067440000000,   1.47600,
,,,0.067480000000,   1.47600,
,,,0.067520000000,   1.47600,
,,,0.067560000000,   1.47600,
,,,0.067600000000,   1.47600,
,,,0.067640000000,   1.47600,
,,,0.067680000000,   1.47600,
,,,0.067720000000,   1.47600,
,,,0.067760000000,   1.47600,
,,,0.067800000000,   1.47600,
,,,0.067840000000,   1.47600,
,,,0.067880000000,   1.47600,
,,,0.067920000000,   1.47600,
,,,0.067960000000,   1.47600,
,,,0.068000000000,   1.47600,
,,,0.068040000000,   1.47600,
,,,0.068080000000,   1.47600,
,,,0.068120000000,   1.47600,
,,,0.068160000000,   1.47600,
,,,0.068200000000,   1.47600,
,,,0.068240000000,   1.47600,
,,,0.068280000000,   1.47600,
,,,0.068320000000,   1.47200,
,,,0.068360000000,   1.47600,
,,,0.068400000000,   1.47600,
,,,0.068440000000,   1.47600,
,,,0.068480000000,   1.47600,
,,,0.068520000000,   1.47600,
,,,0.068560000000,   1.47600,
,,,0.068600000000,   1.47600,
,,,0.068640000000,   1.47600,
,,,0.068680000000,   1.47200,
,,,0.068720000000,   1.47600,
,,,0.068760000000,   1.47600,
,,,0.068800000000,   1.47600,
,,,0.068840000000,   1.47200,
,,,0.068880000000,   1.47600,
,,,0.068920000000,   1.47600,
,,,0.068960000000,   1.47200,
,,,0.069000000000,   1.47600,
,,,0.069040000000,   1.47600,
,,,0.069080000000,   1.47600,
,,,0.069120000000,   1.47600,
,,,0.069160000000,   1.47600,
,,,0.069200000000,   1.47600,
,,,0.069240000000,   1.47200,
,,,0.069280000000,   1.47600,
,,,0.069320000000,   1.47600,
,,,0.069360000000,   1.47600,
,,,0.069400000000,   1.47600,
,,,0.069440000000,   1.47600,
,,,0.069480000000,   1.47600,
,,,0.069520000000,   1.47600,
,,,0.069560000000,   1.47600,
,,,0.069600000000,   1.47600,
,,,0.069640000000,   1.47600,
,,,0.069680000000,   1.47600,
,,,0.069720000000,   1.47600,
,,,0.069760000000,   1.47600,
,,,0.069800000000,   1.47600,
,,,0.069840000000,   1.47600,
,,,0.069880000000,   1.47600,
,,,0.069920000000,   1.47600,
,,,0.069960000000,   1.47600,
,,,0.070000000000,   1.47600,
,,,0.070040000000,   1.47600,
,,,0.070080000000,   1.47600,
,,,0.070120000000,   1.47600,
,,,0.070160000000,   1.47600,
,,,0.070200000000,   1.47600,
,,,0.070240000000,   1.47600,
,,,0.070280000000,   1.47600,
,,,0.070320000000,   1.47600,
,,,0.070360000000,   1.47600,
,,,0.070400000000,   1.47600,
,,,0.070440000000,   1.47600,
,,,0.070480000000,   1.47600,
,,,0.070520000000,   1.47200,
,,,0.070560000000,   1.47600,
,,,0.070600000000,   1.47600,
,,,0.070640000000,   1.47600,
,,,0.070680000000,   1.47600,
,,,0.070720000000,   1.47600,
,,,0.070760000000,   1.47600,
,,,0.070800000000,   1.47600,
,,,0.070840000000,   1.48000,
,,,0.070880000000,   1.47600,
,,,0.070920000000,   1.47600,
,,,0.070960000000,   1.47600,
,,,0.071000000000,   1.47600,
,,,0.071040000000,   1.47600,
,,,0.071080000000,   1.47600,
,,,0.071120000000,   1.47600,
,,,0.071160000000,   1.47600,
,,,0.071200000000,   1.47600,
,,,0.071240000000,   1.47600,
,,,0.071280000000,   1.47600,
,,,0.071320000000,   1.47600,
,,,0.071360000000,   1.47600,
,,,0.071400000000,   1.47600,
,,,0.071440000000,   1.47600,
,,,0.071480000000,   1.47600,
,,,0.071520000000,   1.47600,
,,,0.071560000000,   1.47600,
,,,0.071600000000,   1.47600,
,,,0.071640000000,   1.47600,
,,,0.071680000000,   1.47600,
,,,0.071720000000,   1.47600,
,,,0.071760000000,   1.47600,
,,,0.071800000000,   1.47600,
,,,0.071840000000,   1.47600,
,,,0.071880000000,   1.47600,
,,,0.071920000000,   1.47600,
,,,0.071960000000,   1.47600,
,,,0.072000000000,   1.47600,
,,,0.072040000000,   1.47600,
,,,0.072080000000,   1.47600,
,,,0.072120000000,   1.47600,
,,,0.072160000000,   1.47600,
,,,0.072200000000,   1.47600,
,,,0.072240000000,   1.47600,
,,,0.072280000000,   1.47600,
,,,0.072320000000,   1.47600,
,,,0.072360000000,   1.48000,
,,,0.072400000000,   1.47600,
,,,0.072440000000,   1.47600,
,,,0.072480000000,   1.47600,
,,,0.072520000000,   1.48000,
,,,0.072560000000,   1.47600,
,,,0.072600000000,   1.48000,
,,,0.072640000000,   1.47600,
,,,0.072680000000,   1.47600,
,,,0.072720000000,   1.48000,
,,,0.072760000000,   1.47600,
,,,0.072800000000,   1.47600,
,,,0.072840000000,   1.47600,
,,,0.072880000000,   1.48000,
,,,0.072920000000,   1.47600,
,,,0.072960000000,   1.47600,
,,,0.073000000000,   1.48000,
,,,0.073040000000,   1.47600,
,,,0.073080000000,   1.47600,
,,,0.073120000000,   1.48000,
,,,0.073160000000,   1.47600,
,,,0.073200000000,   1.47600,
,,,0.073240000000,   1.47600,
,,,0.073280000000,   1.47600,
,,,0.073320000000,   1.48000,
,,,0.073360000000,   1.47600,
,,,0.073400000000,   1.47600,
,,,0.073440000000,   1.47600,
,,,0.073480000000,   1.48000,
,,,0.073520000000,   1.47600,
,,,0.073560000000,   1.48000,
,,,0.073600000000,   1.47600,
,,,0.073640000000,   1.47600,
,,,0.073680000000,   1.47600,
,,,0.073720000000,   1.48000,
,,,0.073760000000,   1.47600,
,,,0.073800000000,   1.48000,
,,,0.073840000000,   1.47600,
,,,0.073880000000,   1.47600,
,,,0.073920000000,   1.47600,
,,,0.073960000000,   1.48000,
,,,0.074000000000,   1.48000,
,,,0.074040000000,   1.47600,
,,,0.074080000000,   1.48000,
,,,0.074120000000,   1.47600,
,,,0.074160000000,   1.47600,
,,,0.074200000000,   1.48000,
,,,0.074240000000,   1.48000,
,,,0.074280000000,   1.47600,
,,,0.074320000000,   1.48000,
,,,0.074360000000,   1.47600,
,,,0.074400000000,   1.48000,
,,,0.074440000000,   1.48000,
,,,0.074480000000,   1.48000,
,,,0.074520000000,   1.48000,
,,,0.074560000000,   1.48000,
,,,0.074600000000,   1.47600,
,,,0.074640000000,   1.47600,
,,,0.074680000000,   1.47600,
,,,0.074720000000,   1.48000,
,,,0.074760000000,   1.48000,
,,,0.074800000000,   1.48000,
,,,0.074840000000,   1.48000,
,,,0.074880000000,   1.48000,
,,,0.074920000000,   1.48000,
,,,0.074960000000,   1.47600,
,,,0.075000000000,   1.48000,
,,,0.075040000000,   1.48000,
,,,0.075080000000,   1.48000,
,,,0.075120000000,   1.47600,
,,,0.075160000000,   1.48000,
,,,0.075200000000,   1.48000,
,,,0.075240000000,   1.48000,
,,,0.075280000000,   1.48000,
,,,0.075320000000,   1.48000,
,,,0.075360000000,   1.47600,
,,,0.075400000000,   1.48000,
,,,0.075440000000,   1.48000,
,,,0.075480000000,   1.48000,
,,,0.075520000000,   1.48000,
,,,0.075560000000,   1.48000,
,,,0.075600000000,   1.48000,
,,,0.075640000000,   1.47600,
,,,0.075680000000,   1.48000,
,,,0.075720000000,   1.48000,
,,,0.075760000000,   1.48000,
,,,0.075800000000,   1.48000,
,,,0.075840000000,   1.48000,
,,,0.075880000000,   1.48000,
,,,0.075920000000,   1.48000,
,,,0.075960000000,   1.48000,
,,,0.076000000000,   1.47600,
,,,0.076040000000,   1.48000,
,,,0.076080000000,   1.48000,
,,,0.076120000000,   1.48000,
,,,0.076160000000,   1.48000,
,,,0.076200000000,   1.48000,
,,,0.076240000000,   1.48000,
,,,0.076280000000,   1.48000,
,,,0.076320000000,   1.48000,
,,,0.076360000000,   1.48000,
,,,0.076400000000,   1.48000,
,,,0.076440000000,   1.48000,
,,,0.076480000000,   1.48000,
,,,0.076520000000,   1.48000,
,,,0.076560000000,   1.48400,
,,,0.076600000000,   1.48000,
,,,0.076640000000,   1.48000,
,,,0.076680000000,   1.48000,
,,,0.076720000000,   1.48000,
,,,0.076760000000,   1.48000,
,,,0.076800000000,   1.48000,
,,,0.076840000000,   1.48000,
,,,0.076880000000,   1.48000,
,,,0.076920000000,   1.48000,
,,,0.076960000000,   1.48000,
,,,0.077000000000,   1.47600,
,,,0.077040000000,   1.48000,
,,,0.077080000000,   1.48000,
,,,0.077120000000,   1.48000,
,,,0.077160000000,   1.48400,
,,,0.077200000000,   1.48000,
,,,0.077240000000,   1.48000,
,,,0.077280000000,   1.48000,
,,,0.077320000000,   1.48400,
,,,0.077360000000,   1.48400,
,,,0.077400000000,   1.48400,
,,,0.077440000000,   1.48000,
,,,0.077480000000,   1.48000,
,,,0.077520000000,   1.48000,
,,,0.077560000000,   1.48400,
,,,0.077600000000,   1.48000,
,,,0.077640000000,   1.48000,
,,,0.077680000000,   1.48400,
,,,0.077720000000,   1.48400,
,,,0.077760000000,   1.48000,
,,,0.077800000000,   1.48000,
,,,0.077840000000,   1.48000,
,,,0.077880000000,   1.48400,
,,,0.077920000000,   1.48400,
,,,0.077960000000,   1.48000,
,,,0.078000000000,   1.48400,
,,,0.078040000000,   1.48400,
,,,0.078080000000,   1.48400,
,,,0.078120000000,   1.48400,
,,,0.078160000000,   1.48400,
,,,0.078200000000,   1.48400,
,,,0.078240000000,   1.48000,
,,,0.078280000000,   1.48400,
,,,0.078320000000,   1.48000,
,,,0.078360000000,   1.48400,
,,,0.078400000000,   1.48000,
,,,0.078440000000,   1.48000,
,,,0.078480000000,   1.48000,
,,,0.078520000000,   1.48400,
,,,0.078560000000,   1.48400,
,,,0.078600000000,   1.48000,
,,,0.078640000000,   1.48400,
,,,0.078680000000,   1.48000,
,,,0.078720000000,   1.48000,
,,,0.078760000000,   1.48400,
,,,0.078800000000,   1.48000,
,,,0.078840000000,   1.48000,
,,,0.078880000000,   1.48400,
,,,0.078920000000,   1.48400,
,,,0.078960000000,   1.48400,
,,,0.079000000000,   1.48000,
,,,0.079040000000,   1.48400,
,,,0.079080000000,   1.48400,
,,,0.079120000000,   1.48400,
,,,0.079160000000,   1.48400,
,,,0.079200000000,   1.48400,
,,,0.079240000000,   1.48400,
,,,0.079280000000,   1.48400,
,,,0.079320000000,   1.48400,
,,,0.079360000000,   1.48400,
,,,0.079400000000,   1.48400,
,,,0.079440000000,   1.48400,
,,,0.079480000000,   1.48400,
,,,0.079520000000,   1.48400,
,,,0.079560000000,   1.48400,
,,,0.079600000000,   1.48400,
,,,0.079640000000,   1.48400,
,,,0.079680000000,   1.48400,
,,,0.079720000000,   1.48400,
,,,0.079760000000,   1.48400,
,,,0.079800000000,   1.48400,
,,,0.079840000000,   1.48400,
,,,0.079880000000,   1.48400,
,,,0.079920000000,   1.48400,
,,,0.079960000000,   1.48800,
,,,0.080000000000,   1.48400,
,,,0.080040000000,   1.48400,
,,,0.080080000000,   1.48400,
,,,0.080120000000,   1.48400,
,,,0.080160000000,   1.48400,
,,,0.080200000000,   1.48400,
,,,0.080240000000,   1.48800,
,,,0.080280000000,   1.48400,
,,,0.080320000000,   1.48400,
,,,0.080360000000,   1.48400,
,,,0.080400000000,   1.48400,
,,,0.080440000000,   1.48400,
,,,0.080480000000,   1.48400,
,,,0.080520000000,   1.48400,
,,,0.080560000000,   1.48800,
,,,0.080600000000,   1.48400,
,,,0.080640000000,   1.48400,
,,,0.080680000000,   1.48400,
,,,0.080720000000,   1.48800,
,,,0.080760000000,   1.48400,
,,,0.080800000000,   1.48400,
,,,0.080840000000,   1.48800,
,,,0.080880000000,   1.48400,
,,,0.080920000000,   1.48800,
,,,0.080960000000,   1.48800,
,,,0.081000000000,   1.48800,
,,,0.081040000000,   1.48400,
,,,0.081080000000,   1.48400,
,,,0.081120000000,   1.48400,
,,,0.081160000000,   1.48400,
,,,0.081200000000,   1.48800,
,,,0.081240000000,   1.48400,
,,,0.081280000000,   1.48800,
,,,0.081320000000,   1.48400,
,,,0.081360000000,   1.48400,
,,,0.081400000000,   1.48800,
,,,0.081440000000,   1.48800,
,,,0.081480000000,   1.48800,
,,,0.081520000000,   1.48800,
,,,0.081560000000,   1.48400,
,,,0.081600000000,   1.48400,
,,,0.081640000000,   1.48400,
,,,0.081680000000,   1.48400,
,,,0.081720000000,   1.48400,
,,,0.081760000000,   1.48800,
,,,0.081800000000,   1.48400,
,,,0.081840000000,   1.48800,
,,,0.081880000000,   1.48400,
,,,0.081920000000,   1.48800,
,,,0.081960000000,   1.48400,
,,,0.082000000000,   1.48400,
,,,0.082040000000,   1.48400,
,,,0.082080000000,   1.48800,
,,,0.082120000000,   1.48800,
,,,0.082160000000,   1.48800,
,,,0.082200000000,   1.48800,
,,,0.082240000000,   1.48400,
,,,0.082280000000,   1.48800,
,,,0.082320000000,   1.48800,
,,,0.082360000000,   1.48400,
,,,0.082400000000,   1.48400,
,,,0.082440000000,   1.48400,
,,,0.082480000000,   1.48800,
,,,0.082520000000,   1.48800,
,,,0.082560000000,   1.48800,
,,,0.082600000000,   1.48400,
,,,0.082640000000,   1.48800,
,,,0.082680000000,   1.48800,
,,,0.082720000000,   1.48400,
,,,0.082760000000,   1.48800,
,,,0.082800000000,   1.48800,
,,,0.082840000000,   1.48800,
,,,0.082880000000,   1.48800,
,,,0.082920000000,   1.48800,
,,,0.082960000000,   1.48800,
,,,0.083000000000,   1.48800,
,,,0.083040000000,   1.48800,
,,,0.083080000000,   1.48800,
,,,0.083120000000,   1.48400,
,,,0.083160000000,   1.48800,
,,,0.083200000000,   1.48800,
,,,0.083240000000,   1.48800,
,,,0.083280000000,   1.48800,
,,,0.083320000000,   1.48800,
,,,0.083360000000,   1.48800,
,,,0.083400000000,   1.48800,
,,,0.083440000000,   1.48800,
,,,0.083480000000,   1.48800,
,,,0.083520000000,   1.48800,
,,,0.083560000000,   1.49200,
,,,0.083600000000,   1.48800,
,,,0.083640000000,   1.48800,
,,,0.083680000000,   1.48800,
,,,0.083720000000,   1.48400,
,,,0.083760000000,   1.48400,
,,,0.083800000000,   1.48800,
,,,0.083840000000,   1.48800,
,,,0.083880000000,   1.48800,
,,,0.083920000000,   1.48800,
,,,0.083960000000,   1.48800,
,,,0.084000000000,   1.48800,
,,,0.084040000000,   1.48800,
,,,0.084080000000,   1.48800,
,,,0.084120000000,   1.48800,
,,,0.084160000000,   1.48800,
,,,0.084200000000,   1.48800,
,,,0.084240000000,   1.48800,
,,,0.084280000000,   1.48800,
,,,0.084320000000,   1.48800,
,,,0.084360000000,   1.48800,
,,,0.084400000000,   1.48800,
,,,0.084440000000,   1.48800,
,,,0.084480000000,   1.48800,
,,,0.084520000000,   1.48800,
,,,0.084560000000,   1.48800,
,,,0.084600000000,   1.48800,
,,,0.084640000000,   1.49200,
,,,0.084680000000,   1.48800,
,,,0.084720000000,   1.48800,
,,,0.084760000000,   1.48800,
,,,0.084800000000,   1.49200,
,,,0.084840000000,   1.48800,
,,,0.084880000000,   1.48800,
,,,0.084920000000,   1.48800,
,,,0.084960000000,   1.48800,
,,,0.085000000000,   1.48800,
,,,0.085040000000,   1.49200,
,,,0.085080000000,   1.48800,
,,,0.085120000000,   1.48800,
,,,0.085160000000,   1.48800,
,,,0.085200000000,   1.49200,
,,,0.085240000000,   1.49200,
,,,0.085280000000,   1.48800,
,,,0.085320000000,   1.48800,
,,,0.085360000000,   1.48800,
,,,0.085400000000,   1.48800,
,,,0.085440000000,   1.48800,
,,,0.085480000000,   1.48800,
,,,0.085520000000,   1.48800,
,,,0.085560000000,   1.48800,
,,,0.085600000000,   1.48800,
,,,0.085640000000,   1.49200,
,,,0.085680000000,   1.48800,
,,,0.085720000000,   1.48800,
,,,0.085760000000,   1.48800,
,,,0.085800000000,   1.49200,
,,,0.085840000000,   1.48800,
,,,0.085880000000,   1.48800,
,,,0.085920000000,   1.48800,
,,,0.085960000000,   1.48800,
,,,0.086000000000,   1.48800,
,,,0.086040000000,   1.49200,
,,,0.086080000000,   1.49200,
,,,0.086120000000,   1.49200,
,,,0.086160000000,   1.49200,
,,,0.086200000000,   1.48800,
,,,0.086240000000,   1.48800,
,,,0.086280000000,   1.48800,
,,,0.086320000000,   1.49200,
,,,0.086360000000,   1.49200,
,,,0.086400000000,   1.48800,
,,,0.086440000000,   1.48800,
,,,0.086480000000,   1.49200,
,,,0.086520000000,   1.48800,
,,,0.086560000000,   1.49200,
,,,0.086600000000,   1.48800,
,,,0.086640000000,   1.48800,
,,,0.086680000000,   1.48800,
,,,0.086720000000,   1.48800,
,,,0.086760000000,   1.48800,
,,,0.086800000000,   1.48800,
,,,0.086840000000,   1.48800,
,,,0.086880000000,   1.49200,
,,,0.086920000000,   1.48800,
,,,0.086960000000,   1.48800,
,,,0.087000000000,   1.49200,
,,,0.087040000000,   1.49200,
,,,0.087080000000,   1.49200,
,,,0.087120000000,   1.49200,
,,,0.087160000000,   1.48800,
,,,0.087200000000,   1.48800,
,,,0.087240000000,   1.48800,
,,,0.087280000000,   1.48800,
,,,0.087320000000,   1.49200,
,,,0.087360000000,   1.48800,
,,,0.087400000000,   1.49200,
,,,0.087440000000,   1.49200,
,,,0.087480000000,   1.48800,
,,,0.087520000000,   1.49200,
,,,0.087560000000,   1.49200,
,,,0.087600000000,   1.49200,
,,,0.087640000000,   1.49200,
,,,0.087680000000,   1.48800,
,,,0.087720000000,   1.49200,
,,,0.087760000000,   1.49200,
,,,0.087800000000,   1.48800,
,,,0.087840000000,   1.48800,
,,,0.087880000000,   1.48800,
,,,0.087920000000,   1.48800,
,,,0.087960000000,   1.49200,
,,,0.088000000000,   1.49200,
,,,0.088040000000,   1.49200,
,,,0.088080000000,   1.48800,
,,,0.088120000000,   1.49200,
,,,0.088160000000,   1.49200,
,,,0.088200000000,   1.49200,
,,,0.088240000000,   1.48800,
,,,0.088280000000,   1.49200,
,,,0.088320000000,   1.49200,
,,,0.088360000000,   1.49200,
,,,0.088400000000,   1.49200,
,,,0.088440000000,   1.49200,
,,,0.088480000000,   1.49200,
,,,0.088520000000,   1.49200,
,,,0.088560000000,   1.49200,
,,,0.088600000000,   1.49200,
,,,0.088640000000,   1.49200,
,,,0.088680000000,   1.49200,
,,,0.088720000000,   1.49200,
,,,0.088760000000,   1.49200,
,,,0.088800000000,   1.49200,
,,,0.088840000000,   1.49200,
,,,0.088880000000,   1.49200,
,,,0.088920000000,   1.48800,
,,,0.088960000000,   1.49200,
,,,0.089000000000,   1.49200,
,,,0.089040000000,   1.49200,
,,,0.089080000000,   1.49200,
,,,0.089120000000,   1.49200,
,,,0.089160000000,   1.49200,
,,,0.089200000000,   1.49200,
,,,0.089240000000,   1.48800,
,,,0.089280000000,   1.49200,
,,,0.089320000000,   1.49200,
,,,0.089360000000,   1.49200,
,,,0.089400000000,   1.49200,
,,,0.089440000000,   1.49200,
,,,0.089480000000,   1.49200,
,,,0.089520000000,   1.49200,
,,,0.089560000000,   1.49200,
,,,0.089600000000,   1.49200,
,,,0.089640000000,   1.49200,
,,,0.089680000000,   1.49600,
,,,0.089720000000,   1.49200,
,,,0.089760000000,   1.49200,
,,,0.089800000000,   1.49200,
,,,0.089840000000,   1.49200,
,,,0.089880000000,   1.49200,
,,,0.089920000000,   1.49200,
,,,0.089960000000,   1.49200,
,,,0.090000000000,   1.49200,
,,,0.090040000000,   1.49200,
,,,0.090080000000,   1.49200,
,,,0.090120000000,   1.49200,
,,,0.090160000000,   1.49200,
,,,0.090200000000,   1.49200,
,,,0.090240000000,   1.49200,
,,,0.090280000000,   1.49200,
,,,0.090320000000,   1.49200,
,,,0.090360000000,   1.49200,
,,,0.090400000000,   1.49200,
,,,0.090440000000,   1.49200,
,,,0.090480000000,   1.49200,
,,,0.090520000000,   1.49200,
,,,0.090560000000,   1.49200,
,,,0.090600000000,   1.49200,
,,,0.090640000000,   1.49200,
,,,0.090680000000,   1.49200,
,,,0.090720000000,   1.49200,
,,,0.090760000000,   1.49200,
,,,0.090800000000,   1.49200,
,,,0.090840000000,   1.49200,
,,,0.090880000000,   1.49200,
,,,0.090920000000,   1.49200,
,,,0.090960000000,   1.49200,
,,,0.091000000000,   1.49200,
,,,0.091040000000,   1.49200,
,,,0.091080000000,   1.49200,
,,,0.091120000000,   1.49200,
,,,0.091160000000,   1.49200,
,,,0.091200000000,   1.49200,
,,,0.091240000000,   1.49200,
,,,0.091280000000,   1.49200,
,,,0.091320000000,   1.49600,
,,,0.091360000000,   1.49600,
,,,0.091400000000,   1.49200,
,,,0.091440000000,   1.49200,
,,,0.091480000000,   1.49200,
,,,0.091520000000,   1.49200,
,,,0.091560000000,   1.49200,
,,,0.091600000000,   1.49200,
,,,0.091640000000,   1.49200,
,,,0.091680000000,   1.49200,
,,,0.091720000000,   1.49200,
,,,0.091760000000,   1.49200,
,,,0.091800000000,   1.49200,
,,,0.091840000000,   1.49200,
,,,0.091880000000,   1.49200,
,,,0.091920000000,   1.49200,
,,,0.091960000000,   1.49200,
,,,0.092000000000,   1.49200,
,,,0.092040000000,   1.49200,
,,,0.092080000000,   1.49200,
,,,0.092120000000,   1.49200,
,,,0.092160000000,   1.49600,
,,,0.092200000000,   1.49200,
,,,0.092240000000,   1.49200,
,,,0.092280000000,   1.49200,
,,,0.092320000000,   1.49200,
,,,0.092360000000,   1.49200,
,,,0.092400000000,   1.49200,
,,,0.092440000000,   1.49600,
,,,0.092480000000,   1.49200,
,,,0.092520000000,   1.49200,
,,,0.092560000000,   1.49200,
,,,0.092600000000,   1.49200,
,,,0.092640000000,   1.49200,
,,,0.092680000000,   1.49200,
,,,0.092720000000,   1.49200,
,,,0.092760000000,   1.49200,
,,,0.092800000000,   1.49200,
,,,0.092840000000,   1.49200,
,,,0.092880000000,   1.49200,
,,,0.092920000000,   1.49200,
,,,0.092960000000,   1.49200,
,,,0.093000000000,   1.49200,
,,,0.093040000000,   1.49200,
,,,0.093080000000,   1.49200,
,,,0.093120000000,   1.49200,
,,,0.093160000000,   1.49600,
,,,0.093200000000,   1.49200,
,,,0.093240000000,   1.49200,
,,,0.093280000000,   1.49200,
,,,0.093320000000,   1.49200,
,,,0.093360000000,   1.49600,
,,,0.093400000000,   1.49200,
,,,0.093440000000,   1.49200,
,,,0.093480000000,   1.49600,
,,,0.093520000000,   1.49200,
,,,0.093560000000,   1.49200,
,,,0.093600000000,   1.49200,
,,,0.093640000000,   1.49200,
,,,0.093680000000,   1.49600,
,,,0.093720000000,   1.49200,
,,,0.093760000000,   1.49600,
,,,0.093800000000,   1.49200,
,,,0.093840000000,   1.49200,
,,,0.093880000000,   1.49200,
,,,0.093920000000,   1.49600,
,,,0.093960000000,   1.49200,
,,,0.094000000000,   1.49600,
,,,0.094040000000,   1.49600,
,,,0.094080000000,   1.49200,
,,,0.094120000000,   1.49600,
,,,0.094160000000,   1.49200,
,,,0.094200000000,   1.49200,
,,,0.094240000000,   1.49200,
,,,0.094280000000,   1.49200,
,,,0.094320000000,   1.49200,
,,,0.094360000000,   1.49200,
,,,0.094400000000,   1.49200,
,,,0.094440000000,   1.49600,
,,,0.094480000000,   1.49600,
,,,0.094520000000,   1.49600,
,,,0.094560000000,   1.49200,
,,,0.094600000000,   1.49600,
,,,0.094640000000,   1.49600,
,,,0.094680000000,   1.49200,
,,,0.094720000000,   1.49600,
,,,0.094760000000,   1.49600,
,,,0.094800000000,   1.49200,
,,,0.094840000000,   1.49600,
,,,0.094880000000,   1.49200,
,,,0.094920000000,   1.49600,
,,,0.094960000000,   1.49200,
,,,0.095000000000,   1.49600,
,,,0.095040000000,   1.49200,
,,,0.095080000000,   1.49600,
,,,0.095120000000,   1.49600,
,,,0.095160000000,   1.49600,
,,,0.095200000000,   1.49600,
,,,0.095240000000,   1.49200,
,,,0.095280000000,   1.49600,
,,,0.095320000000,   1.49600,
,,,0.095360000000,   1.49600,
,,,0.095400000000,   1.49600,
,,,0.095440000000,   1.49600,
,,,0.095480000000,   1.49600,
,,,0.095520000000,   1.49600,
,,,0.095560000000,   1.49200,
,,,0.095600000000,   1.49200,
,,,0.095640000000,   1.49600,
,,,0.095680000000,   1.49200,
,,,0.095720000000,   1.49600,
,,,0.095760000000,   1.49200,
,,,0.095800000000,   1.49200,
,,,0.095840000000,   1.49600,
,,,0.095880000000,   1.49600,
,,,0.095920000000,   1.49600,
,,,0.095960000000,   1.49200,
,,,0.096000000000,   1.49200,
,,,0.096040000000,   1.49600,
,,,0.096080000000,   1.49600,
,,,0.096120000000,   1.49600,
,,,0.096160000000,   1.49600,
,,,0.096200000000,   1.49200,
,,,0.096240000000,   1.49600,
,,,0.096280000000,   1.49600,
,,,0.096320000000,   1.49200,
,,,0.096360000000,   1.49600,
,,,0.096400000000,   1.49600,
,,,0.096440000000,   1.49200,
,,,0.096480000000,   1.49600,
,,,0.096520000000,   1.49200,
,,,0.096560000000,   1.49200,
,,,0.096600000000,   1.49200,
,,,0.096640000000,   1.49200,
,,,0.096680000000,   1.49200,
,,,0.096720000000,   1.49600,
,,,0.096760000000,   1.49200,
,,,0.096800000000,   1.49600,
,,,0.096840000000,   1.49200,
,,,0.096880000000,   1.49200,
,,,0.096920000000,   1.49600,
,,,0.096960000000,   1.49600,
,,,0.097000000000,   1.49600,
,,,0.097040000000,   1.49600,
,,,0.097080000000,   1.49600,
,,,0.097120000000,   1.49600,
,,,0.097160000000,   1.49600,
,,,0.097200000000,   1.49600,
,,,0.097240000000,   1.49600,
,,,0.097280000000,   1.49600,
,,,0.097320000000,   1.49200,
,,,0.097360000000,   1.49200,
,,,0.097400000000,   1.49600,
,,,0.097440000000,   1.49200,
,,,0.097480000000,   1.49200,
,,,0.097520000000,   1.49600,
,,,0.097560000000,   1.49600,
,,,0.097600000000,   1.49600,
,,,0.097640000000,   1.49200,
,,,0.097680000000,   1.49600,
,,,0.097720000000,   1.49600,
,,,0.097760000000,   1.49200,
,,,0.097800000000,   1.49200,
,,,0.097840000000,   1.49200,
,,,0.097880000000,   1.49600,
,,,0.097920000000,   1.49600,
,,,0.097960000000,   1.49600,
,,,0.098000000000,   1.49600,
,,,0.098040000000,   1.49200,
,,,0.098080000000,   1.49600,
,,,0.098120000000,   1.49200,
,,,0.098160000000,   1.49600,
,,,0.098200000000,   1.49600,
,,,0.098240000000,   1.49600,
,,,0.098280000000,   1.49600,
,,,0.098320000000,   1.49600,
,,,0.098360000000,   1.49600,
,,,0.098400000000,   1.49200,
,,,0.098440000000,   1.49200,
,,,0.098480000000,   1.49600,
,,,0.098520000000,   1.49600,
,,,0.098560000000,   1.49600,
,,,0.098600000000,   1.49200,
,,,0.098640000000,   1.49200,
,,,0.098680000000,   1.49200,
,,,0.098720000000,   1.49600,
,,,0.098760000000,   1.49600,
,,,0.098800000000,   1.49200,
,,,0.098840000000,   1.49600,
,,,0.098880000000,   1.49200,
,,,0.098920000000,   1.49600,
,,,0.098960000000,   1.49600,
,,,0.099000000000,   1.49600,
,,,0.099040000000,   1.49600,
,,,0.099080000000,   1.49600,
,,,0.099120000000,   1.49600,
,,,0.099160000000,   1.49600,
,,,0.099200000000,   1.49600,
,,,0.099240000000,   1.49600,
,,,0.099280000000,   1.49600,
,,,0.099320000000,   1.49600,
,,,0.099360000000,   1.49200,
,,,0.099400000000,   1.49200,
,,,0.099440000000,   1.49600,
,,,0.099480000000,   1.49200,
,,,0.099520000000,   1.49200,
,,,0.099560000000,   1.49200,
,,,0.099600000000,   1.49600,
,,,0.099640000000,   1.49600,
,,,0.099680000000,   1.49200,
,,,0.099720000000,   1.49200,
,,,0.099760000000,   1.49600,
,,,0.099800000000,   1.49600,
,,,0.099840000000,   1.49200,
,,,0.099880000000,   1.49200,
,,,0.099920000000,   1.49600,
,,,0.099960000000,   1.49200,
