Record Length,2.500000e+03,,   0.030120000000,   1.55120,
Sample Interval,4.000000e-06,,   0.030124000000,   1.55120,
Trigger Point,-7.530000000000e+03,,   0.030128000000,   1.55200,
,,,   0.030132000000,   1.55120,
,,,   0.030136000000,   1.55200,
,,,   0.030140000000,   1.55120,
Source,CH1,,   0.030144000000,   1.55200,
Vertical Units,V,,   0.030148000000,   1.55200,
Vertical Scale,2.000000e-02,,   0.030152000000,   1.55200,
Vertical Offset,-1.528000e+00,,   0.030156000000,   1.55200,
Horizontal Units,s,,   0.030160000000,   1.55200,
Horizontal Scale,1.000000e-03,,   0.030164000000,   1.55200,
Pt Fmt,Y,,   0.030168000000,   1.55200,
Yzero,0.000000e+00,,   0.030172000000,   1.55200,
Probe Atten,1.000000e+01,,   0.030176000000,   1.55200,
Model Number,TDS1012C-EDU,,   0.030180000000,   1.55200,
Serial Number,C013516,,   0.030184000000,   1.55200,
Firmware Version,FV:v25.07,,   0.030188000000,   1.55200,
,,,0.030192000000,   1.55200,
,,,0.030196000000,   1.55200,
,,,0.030200000000,   1.55200,
,,,0.030204000000,   1.55200,
,,,0.030208000000,   1.55200,
,,,0.030212000000,   1.55200,
,,,0.030216000000,   1.55200,
,,,0.030220000000,   1.55200,
,,,0.030224000000,   1.55200,
,,,0.030228000000,   1.55200,
,,,0.030232000000,   1.55200,
,,,0.030236000000,   1.55280,
,,,0.030240000000,   1.55280,
,,,0.030244000000,   1.55280,
,,,0.030248000000,   1.55280,
,,,0.030252000000,   1.55280,
,,,0.030256000000,   1.55200,
,,,0.030260000000,   1.55280,
,,,0.030264000000,   1.55200,
,,,0.030268000000,   1.55200,
,,,0.030272000000,   1.55280,
,,,0.030276000000,   1.55280,
,,,0.030280000000,   1.55200,
,,,0.030284000000,   1.55200,
,,,0.030288000000,   1.55200,
,,,0.030292000000,   1.55280,
,,,0.030296000000,   1.55280,
,,,0.030300000000,   1.55280,
,,,0.030304000000,   1.55280,
,,,0.030308000000,   1.55280,
,,,0.030312000000,   1.55280,
,,,0.030316000000,   1.55280,
,,,0.030320000000,   1.55280,
,,,0.030324000000,   1.55280,
,,,0.030328000000,   1.55280,
,,,0.030332000000,   1.55280,
,,,0.030336000000,   1.55280,
,,,0.030340000000,   1.55280,
,,,0.030344000000,   1.55280,
,,,0.030348000000,   1.55280,
,,,0.030352000000,   1.55280,
,,,0.030356000000,   1.55280,
,,,0.030360000000,   1.55280,
,,,0.030364000000,   1.55280,
,,,0.030368000000,   1.55280,
,,,0.030372000000,   1.55360,
,,,0.030376000000,   1.55360,
,,,0.030380000000,   1.55360,
,,,0.030384000000,   1.55280,
,,,0.030388000000,   1.55360,
,,,0.030392000000,   1.55360,
,,,0.030396000000,   1.55360,
,,,0.030400000000,   1.55360,
,,,0.030404000000,   1.55280,
,,,0.030408000000,   1.55360,
,,,0.030412000000,   1.55360,
,,,0.030416000000,   1.55360,
,,,0.030420000000,   1.55360,
,,,0.030424000000,   1.55360,
,,,0.030428000000,   1.55360,
,,,0.030432000000,   1.55360,
,,,0.030436000000,   1.55360,
,,,0.030440000000,   1.55360,
,,,0.030444000000,   1.55360,
,,,0.030448000000,   1.55360,
,,,0.030452000000,   1.55360,
,,,0.030456000000,   1.55360,
,,,0.030460000000,   1.55360,
,,,0.030464000000,   1.55360,
,,,0.030468000000,   1.55360,
,,,0.030472000000,   1.55360,
,,,0.030476000000,   1.55360,
,,,0.030480000000,   1.55360,
,,,0.030484000000,   1.55360,
,,,0.030488000000,   1.55360,
,,,0.030492000000,   1.55360,
,,,0.030496000000,   1.55360,
,,,0.030500000000,   1.55360,
,,,0.030504000000,   1.55360,
,,,0.030508000000,   1.55440,
,,,0.030512000000,   1.55440,
,,,0.030516000000,   1.55360,
,,,0.030520000000,   1.55360,
,,,0.030524000000,   1.55360,
,,,0.030528000000,   1.55440,
,,,0.030532000000,   1.55440,
,,,0.030536000000,   1.55440,
,,,0.030540000000,   1.55440,
,,,0.030544000000,   1.55440,
,,,0.030548000000,   1.55440,
,,,0.030552000000,   1.55440,
,,,0.030556000000,   1.55360,
,,,0.030560000000,   1.55360,
,,,0.030564000000,   1.55440,
,,,0.030568000000,   1.55440,
,,,0.030572000000,   1.55440,
,,,0.030576000000,   1.55440,
,,,0.030580000000,   1.55440,
,,,0.030584000000,   1.55440,
,,,0.030588000000,   1.55440,
,,,0.030592000000,   1.55440,
,,,0.030596000000,   1.55440,
,,,0.030600000000,   1.55440,
,,,0.030604000000,   1.55440,
,,,0.030608000000,   1.55520,
,,,0.030612000000,   1.55440,
,,,0.030616000000,   1.55440,
,,,0.030620000000,   1.55440,
,,,0.030624000000,   1.55440,
,,,0.030628000000,   1.55520,
,,,0.030632000000,   1.55440,
,,,0.030636000000,   1.55440,
,,,0.030640000000,   1.55520,
,,,0.030644000000,   1.55440,
,,,0.030648000000,   1.55520,
,,,0.030652000000,   1.55520,
,,,0.030656000000,   1.55440,
,,,0.030660000000,   1.55520,
,,,0.030664000000,   1.55520,
,,,0.030668000000,   1.55520,
,,,0.030672000000,   1.55520,
,,,0.030676000000,   1.55520,
,,,0.030680000000,   1.55520,
,,,0.030684000000,   1.55520,
,,,0.030688000000,   1.55520,
,,,0.030692000000,   1.55520,
,,,0.030696000000,   1.55520,
,,,0.030700000000,   1.55520,
,,,0.030704000000,   1.55520,
,,,0.030708000000,   1.55520,
,,,0.030712000000,   1.55520,
,,,0.030716000000,   1.55520,
,,,0.030720000000,   1.55520,
,,,0.030724000000,   1.55520,
,,,0.030728000000,   1.55600,
,,,0.030732000000,   1.55520,
,,,0.030736000000,   1.55520,
,,,0.030740000000,   1.55520,
,,,0.030744000000,   1.55520,
,,,0.030748000000,   1.55520,
,,,0.030752000000,   1.55520,
,,,0.030756000000,   1.55520,
,,,0.030760000000,   1.55520,
,,,0.030764000000,   1.55520,
,,,0.030768000000,   1.55520,
,,,0.030772000000,   1.55520,
,,,0.030776000000,   1.55520,
,,,0.030780000000,   1.55520,
,,,0.030784000000,   1.55520,
,,,0.030788000000,   1.55600,
,,,0.030792000000,   1.55600,
,,,0.030796000000,   1.55520,
,,,0.030800000000,   1.55520,
,,,0.030804000000,   1.55600,
,,,0.030808000000,   1.55600,
,,,0.030812000000,   1.55600,
,,,0.030816000000,   1.55600,
,,,0.030820000000,   1.55600,
,,,0.030824000000,   1.55520,
,,,0.030828000000,   1.55520,
,,,0.030832000000,   1.55600,
,,,0.030836000000,   1.55600,
,,,0.030840000000,   1.55600,
,,,0.030844000000,   1.55520,
,,,0.030848000000,   1.55520,
,,,0.030852000000,   1.55600,
,,,0.030856000000,   1.55600,
,,,0.030860000000,   1.55600,
,,,0.030864000000,   1.55600,
,,,0.030868000000,   1.55600,
,,,0.030872000000,   1.55680,
,,,0.030876000000,   1.55600,
,,,0.030880000000,   1.55600,
,,,0.030884000000,   1.55600,
,,,0.030888000000,   1.55600,
,,,0.030892000000,   1.55600,
,,,0.030896000000,   1.55600,
,,,0.030900000000,   1.55680,
,,,0.030904000000,   1.55600,
,,,0.030908000000,   1.55600,
,,,0.030912000000,   1.55680,
,,,0.030916000000,   1.55600,
,,,0.030920000000,   1.55600,
,,,0.030924000000,   1.55680,
,,,0.030928000000,   1.55600,
,,,0.030932000000,   1.55680,
,,,0.030936000000,   1.55680,
,,,0.030940000000,   1.55680,
,,,0.030944000000,   1.55680,
,,,0.030948000000,   1.55600,
,,,0.030952000000,   1.55680,
,,,0.030956000000,   1.55680,
,,,0.030960000000,   1.55600,
,,,0.030964000000,   1.55680,
,,,0.030968000000,   1.55680,
,,,0.030972000000,   1.55680,
,,,0.030976000000,   1.55680,
,,,0.030980000000,   1.55680,
,,,0.030984000000,   1.55680,
,,,0.030988000000,   1.55680,
,,,0.030992000000,   1.55680,
,,,0.030996000000,   1.55680,
,,,0.031000000000,   1.55680,
,,,0.031004000000,   1.55680,
,,,0.031008000000,   1.55680,
,,,0.031012000000,   1.55680,
,,,0.031016000000,   1.55680,
,,,0.031020000000,   1.55680,
,,,0.031024000000,   1.55680,
,,,0.031028000000,   1.55680,
,,,0.031032000000,   1.55680,
,,,0.031036000000,   1.55680,
,,,0.031040000000,   1.55680,
,,,0.031044000000,   1.55680,
,,,0.031048000000,   1.55680,
,,,0.031052000000,   1.55680,
,,,0.031056000000,   1.55680,
,,,0.031060000000,   1.55680,
,,,0.031064000000,   1.55680,
,,,0.031068000000,   1.55680,
,,,0.031072000000,   1.55680,
,,,0.031076000000,   1.55680,
,,,0.031080000000,   1.55680,
,,,0.031084000000,   1.55680,
,,,0.031088000000,   1.55680,
,,,0.031092000000,   1.55760,
,,,0.031096000000,   1.55680,
,,,0.031100000000,   1.55760,
,,,0.031104000000,   1.55760,
,,,0.031108000000,   1.55760,
,,,0.031112000000,   1.55680,
,,,0.031116000000,   1.55760,
,,,0.031120000000,   1.55760,
,,,0.031124000000,   1.55760,
,,,0.031128000000,   1.55760,
,,,0.031132000000,   1.55760,
,,,0.031136000000,   1.55760,
,,,0.031140000000,   1.55760,
,,,0.031144000000,   1.55760,
,,,0.031148000000,   1.55760,
,,,0.031152000000,   1.55760,
,,,0.031156000000,   1.55760,
,,,0.031160000000,   1.55680,
,,,0.031164000000,   1.55760,
,,,0.031168000000,   1.55760,
,,,0.031172000000,   1.55760,
,,,0.031176000000,   1.55760,
,,,0.031180000000,   1.55760,
,,,0.031184000000,   1.55760,
,,,0.031188000000,   1.55760,
,,,0.031192000000,   1.55760,
,,,0.031196000000,   1.55760,
,,,0.031200000000,   1.55760,
,,,0.031204000000,   1.55760,
,,,0.031208000000,   1.55760,
,,,0.031212000000,   1.55760,
,,,0.031216000000,   1.55760,
,,,0.031220000000,   1.55760,
,,,0.031224000000,   1.55760,
,,,0.031228000000,   1.55840,
,,,0.031232000000,   1.55760,
,,,0.031236000000,   1.55760,
,,,0.031240000000,   1.55840,
,,,0.031244000000,   1.55760,
,,,0.031248000000,   1.55760,
,,,0.031252000000,   1.55760,
,,,0.031256000000,   1.55760,
,,,0.031260000000,   1.55760,
,,,0.031264000000,   1.55760,
,,,0.031268000000,   1.55840,
,,,0.031272000000,   1.55760,
,,,0.031276000000,   1.55840,
,,,0.031280000000,   1.55840,
,,,0.031284000000,   1.55840,
,,,0.031288000000,   1.55840,
,,,0.031292000000,   1.55840,
,,,0.031296000000,   1.55840,
,,,0.031300000000,   1.55840,
,,,0.031304000000,   1.55760,
,,,0.031308000000,   1.55840,
,,,0.031312000000,   1.55840,
,,,0.031316000000,   1.55840,
,,,0.031320000000,   1.55840,
,,,0.031324000000,   1.55840,
,,,0.031328000000,   1.55840,
,,,0.031332000000,   1.55840,
,,,0.031336000000,   1.55840,
,,,0.031340000000,   1.55840,
,,,0.031344000000,   1.55840,
,,,0.031348000000,   1.55840,
,,,0.031352000000,   1.55840,
,,,0.031356000000,   1.55840,
,,,0.031360000000,   1.55840,
,,,0.031364000000,   1.55920,
,,,0.031368000000,   1.55840,
,,,0.031372000000,   1.55840,
,,,0.031376000000,   1.55840,
,,,0.031380000000,   1.55840,
,,,0.031384000000,   1.55840,
,,,0.031388000000,   1.55840,
,,,0.031392000000,   1.55840,
,,,0.031396000000,   1.55840,
,,,0.031400000000,   1.55840,
,,,0.031404000000,   1.55920,
,,,0.031408000000,   1.55840,
,,,0.031412000000,   1.55840,
,,,0.031416000000,   1.55840,
,,,0.031420000000,   1.55920,
,,,0.031424000000,   1.55920,
,,,0.031428000000,   1.55840,
,,,0.031432000000,   1.55840,
,,,0.031436000000,   1.55920,
,,,0.031440000000,   1.55840,
,,,0.031444000000,   1.55920,
,,,0.031448000000,   1.55840,
,,,0.031452000000,   1.55920,
,,,0.031456000000,   1.55920,
,,,0.031460000000,   1.55920,
,,,0.031464000000,   1.55920,
,,,0.031468000000,   1.55920,
,,,0.031472000000,   1.55920,
,,,0.031476000000,   1.55920,
,,,0.031480000000,   1.55920,
,,,0.031484000000,   1.55920,
,,,0.031488000000,   1.55920,
,,,0.031492000000,   1.55920,
,,,0.031496000000,   1.55920,
,,,0.031500000000,   1.55920,
,,,0.031504000000,   1.55920,
,,,0.031508000000,   1.55920,
,,,0.031512000000,   1.55920,
,,,0.031516000000,   1.55920,
,,,0.031520000000,   1.55920,
,,,0.031524000000,   1.55920,
,,,0.031528000000,   1.55840,
,,,0.031532000000,   1.56000,
,,,0.031536000000,   1.55920,
,,,0.031540000000,   1.55920,
,,,0.031544000000,   1.55920,
,,,0.031548000000,   1.55920,
,,,0.031552000000,   1.55920,
,,,0.031556000000,   1.55920,
,,,0.031560000000,   1.55920,
,,,0.031564000000,   1.55920,
,,,0.031568000000,   1.55920,
,,,0.031572000000,   1.55920,
,,,0.031576000000,   1.55920,
,,,0.031580000000,   1.55920,
,,,0.031584000000,   1.55920,
,,,0.031588000000,   1.56000,
,,,0.031592000000,   1.56000,
,,,0.031596000000,   1.55920,
,,,0.031600000000,   1.55920,
,,,0.031604000000,   1.56000,
,,,0.031608000000,   1.56000,
,,,0.031612000000,   1.56000,
,,,0.031616000000,   1.55920,
,,,0.031620000000,   1.56000,
,,,0.031624000000,   1.56000,
,,,0.031628000000,   1.56000,
,,,0.031632000000,   1.56000,
,,,0.031636000000,   1.55920,
,,,0.031640000000,   1.56000,
,,,0.031644000000,   1.55920,
,,,0.031648000000,   1.56000,
,,,0.031652000000,   1.56000,
,,,0.031656000000,   1.56000,
,,,0.031660000000,   1.56000,
,,,0.031664000000,   1.56000,
,,,0.031668000000,   1.56000,
,,,0.031672000000,   1.56000,
,,,0.031676000000,   1.55920,
,,,0.031680000000,   1.56000,
,,,0.031684000000,   1.56000,
,,,0.031688000000,   1.56000,
,,,0.031692000000,   1.56000,
,,,0.031696000000,   1.56000,
,,,0.031700000000,   1.56000,
,,,0.031704000000,   1.56000,
,,,0.031708000000,   1.56000,
,,,0.031712000000,   1.56000,
,,,0.031716000000,   1.56000,
,,,0.031720000000,   1.56000,
,,,0.031724000000,   1.56000,
,,,0.031728000000,   1.56000,
,,,0.031732000000,   1.56000,
,,,0.031736000000,   1.56000,
,,,0.031740000000,   1.56000,
,,,0.031744000000,   1.56000,
,,,0.031748000000,   1.56000,
,,,0.031752000000,   1.56000,
,,,0.031756000000,   1.56000,
,,,0.031760000000,   1.56000,
,,,0.031764000000,   1.56000,
,,,0.031768000000,   1.56000,
,,,0.031772000000,   1.56000,
,,,0.031776000000,   1.56080,
,,,0.031780000000,   1.56000,
,,,0.031784000000,   1.56000,
,,,0.031788000000,   1.56000,
,,,0.031792000000,   1.56000,
,,,0.031796000000,   1.56000,
,,,0.031800000000,   1.56000,
,,,0.031804000000,   1.56080,
,,,0.031808000000,   1.56000,
,,,0.031812000000,   1.56000,
,,,0.031816000000,   1.56080,
,,,0.031820000000,   1.56000,
,,,0.031824000000,   1.56000,
,,,0.031828000000,   1.56080,
,,,0.031832000000,   1.56000,
,,,0.031836000000,   1.56000,
,,,0.031840000000,   1.56000,
,,,0.031844000000,   1.56080,
,,,0.031848000000,   1.56000,
,,,0.031852000000,   1.56080,
,,,0.031856000000,   1.56080,
,,,0.031860000000,   1.56000,
,,,0.031864000000,   1.56000,
,,,0.031868000000,   1.56080,
,,,0.031872000000,   1.56080,
,,,0.031876000000,   1.56080,
,,,0.031880000000,   1.56080,
,,,0.031884000000,   1.56080,
,,,0.031888000000,   1.56080,
,,,0.031892000000,   1.56080,
,,,0.031896000000,   1.56080,
,,,0.031900000000,   1.56080,
,,,0.031904000000,   1.56080,
,,,0.031908000000,   1.56080,
,,,0.031912000000,   1.56080,
,,,0.031916000000,   1.56080,
,,,0.031920000000,   1.56080,
,,,0.031924000000,   1.56080,
,,,0.031928000000,   1.56080,
,,,0.031932000000,   1.56080,
,,,0.031936000000,   1.56080,
,,,0.031940000000,   1.56080,
,,,0.031944000000,   1.56080,
,,,0.031948000000,   1.56080,
,,,0.031952000000,   1.56080,
,,,0.031956000000,   1.56080,
,,,0.031960000000,   1.56080,
,,,0.031964000000,   1.56080,
,,,0.031968000000,   1.56080,
,,,0.031972000000,   1.56080,
,,,0.031976000000,   1.56160,
,,,0.031980000000,   1.56080,
,,,0.031984000000,   1.56080,
,,,0.031988000000,   1.56080,
,,,0.031992000000,   1.56080,
,,,0.031996000000,   1.56080,
,,,0.032000000000,   1.56080,
,,,0.032004000000,   1.56080,
,,,0.032008000000,   1.56080,
,,,0.032012000000,   1.56080,
,,,0.032016000000,   1.56080,
,,,0.032020000000,   1.56080,
,,,0.032024000000,   1.56160,
,,,0.032028000000,   1.56080,
,,,0.032032000000,   1.56160,
,,,0.032036000000,   1.56080,
,,,0.032040000000,   1.56160,
,,,0.032044000000,   1.56080,
,,,0.032048000000,   1.56160,
,,,0.032052000000,   1.56080,
,,,0.032056000000,   1.56080,
,,,0.032060000000,   1.56160,
,,,0.032064000000,   1.56160,
,,,0.032068000000,   1.56160,
,,,0.032072000000,   1.56160,
,,,0.032076000000,   1.56160,
,,,0.032080000000,   1.56160,
,,,0.032084000000,   1.56160,
,,,0.032088000000,   1.56160,
,,,0.032092000000,   1.56160,
,,,0.032096000000,   1.56160,
,,,0.032100000000,   1.56160,
,,,0.032104000000,   1.56160,
,,,0.032108000000,   1.56160,
,,,0.032112000000,   1.56080,
,,,0.032116000000,   1.56160,
,,,0.032120000000,   1.56160,
,,,0.032124000000,   1.56160,
,,,0.032128000000,   1.56160,
,,,0.032132000000,   1.56160,
,,,0.032136000000,   1.56160,
,,,0.032140000000,   1.56160,
,,,0.032144000000,   1.56160,
,,,0.032148000000,   1.56160,
,,,0.032152000000,   1.56160,
,,,0.032156000000,   1.56160,
,,,0.032160000000,   1.56160,
,,,0.032164000000,   1.56160,
,,,0.032168000000,   1.56160,
,,,0.032172000000,   1.56160,
,,,0.032176000000,   1.56160,
,,,0.032180000000,   1.56160,
,,,0.032184000000,   1.56160,
,,,0.032188000000,   1.56160,
,,,0.032192000000,   1.56160,
,,,0.032196000000,   1.56160,
,,,0.032200000000,   1.56160,
,,,0.032204000000,   1.56160,
,,,0.032208000000,   1.56160,
,,,0.032212000000,   1.56240,
,,,0.032216000000,   1.56160,
,,,0.032220000000,   1.56160,
,,,0.032224000000,   1.56160,
,,,0.032228000000,   1.56160,
,,,0.032232000000,   1.56160,
,,,0.032236000000,   1.56160,
,,,0.032240000000,   1.56160,
,,,0.032244000000,   1.56160,
,,,0.032248000000,   1.56160,
,,,0.032252000000,   1.56160,
,,,0.032256000000,   1.56240,
,,,0.032260000000,   1.56160,
,,,0.032264000000,   1.56160,
,,,0.032268000000,   1.56160,
,,,0.032272000000,   1.56160,
,,,0.032276000000,   1.56240,
,,,0.032280000000,   1.56160,
,,,0.032284000000,   1.56160,
,,,0.032288000000,   1.56160,
,,,0.032292000000,   1.56160,
,,,0.032296000000,   1.56240,
,,,0.032300000000,   1.56240,
,,,0.032304000000,   1.56160,
,,,0.032308000000,   1.56240,
,,,0.032312000000,   1.56240,
,,,0.032316000000,   1.56240,
,,,0.032320000000,   1.56160,
,,,0.032324000000,   1.56160,
,,,0.032328000000,   1.56240,
,,,0.032332000000,   1.56160,
,,,0.032336000000,   1.56160,
,,,0.032340000000,   1.56240,
,,,0.032344000000,   1.56240,
,,,0.032348000000,   1.56160,
,,,0.032352000000,   1.56240,
,,,0.032356000000,   1.56160,
,,,0.032360000000,   1.56240,
,,,0.032364000000,   1.56240,
,,,0.032368000000,   1.56240,
,,,0.032372000000,   1.56240,
,,,0.032376000000,   1.56240,
,,,0.032380000000,   1.56240,
,,,0.032384000000,   1.56240,
,,,0.032388000000,   1.56240,
,,,0.032392000000,   1.56240,
,,,0.032396000000,   1.56240,
,,,0.032400000000,   1.56240,
,,,0.032404000000,   1.56240,
,,,0.032408000000,   1.56240,
,,,0.032412000000,   1.56240,
,,,0.032416000000,   1.56320,
,,,0.032420000000,   1.56240,
,,,0.032424000000,   1.56240,
,,,0.032428000000,   1.56240,
,,,0.032432000000,   1.56240,
,,,0.032436000000,   1.56240,
,,,0.032440000000,   1.56240,
,,,0.032444000000,   1.56240,
,,,0.032448000000,   1.56240,
,,,0.032452000000,   1.56240,
,,,0.032456000000,   1.56240,
,,,0.032460000000,   1.56240,
,,,0.032464000000,   1.56320,
,,,0.032468000000,   1.56240,
,,,0.032472000000,   1.56240,
,,,0.032476000000,   1.56240,
,,,0.032480000000,   1.56240,
,,,0.032484000000,   1.56240,
,,,0.032488000000,   1.56240,
,,,0.032492000000,   1.56240,
,,,0.032496000000,   1.56320,
,,,0.032500000000,   1.56240,
,,,0.032504000000,   1.56240,
,,,0.032508000000,   1.56320,
,,,0.032512000000,   1.56320,
,,,0.032516000000,   1.56240,
,,,0.032520000000,   1.56240,
,,,0.032524000000,   1.56320,
,,,0.032528000000,   1.56240,
,,,0.032532000000,   1.56320,
,,,0.032536000000,   1.56240,
,,,0.032540000000,   1.56240,
,,,0.032544000000,   1.56240,
,,,0.032548000000,   1.56320,
,,,0.032552000000,   1.56240,
,,,0.032556000000,   1.56240,
,,,0.032560000000,   1.56240,
,,,0.032564000000,   1.56240,
,,,0.032568000000,   1.56320,
,,,0.032572000000,   1.56240,
,,,0.032576000000,   1.56320,
,,,0.032580000000,   1.56320,
,,,0.032584000000,   1.56320,
,,,0.032588000000,   1.56320,
,,,0.032592000000,   1.56320,
,,,0.032596000000,   1.56320,
,,,0.032600000000,   1.56320,
,,,0.032604000000,   1.56240,
,,,0.032608000000,   1.56320,
,,,0.032612000000,   1.56320,
,,,0.032616000000,   1.56320,
,,,0.032620000000,   1.56320,
,,,0.032624000000,   1.56320,
,,,0.032628000000,   1.56320,
,,,0.032632000000,   1.56320,
,,,0.032636000000,   1.56320,
,,,0.032640000000,   1.56240,
,,,0.032644000000,   1.56320,
,,,0.032648000000,   1.56320,
,,,0.032652000000,   1.56320,
,,,0.032656000000,   1.56320,
,,,0.032660000000,   1.56320,
,,,0.032664000000,   1.56320,
,,,0.032668000000,   1.56320,
,,,0.032672000000,   1.56320,
,,,0.032676000000,   1.56320,
,,,0.032680000000,   1.56320,
,,,0.032684000000,   1.56320,
,,,0.032688000000,   1.56320,
,,,0.032692000000,   1.56320,
,,,0.032696000000,   1.56320,
,,,0.032700000000,   1.56320,
,,,0.032704000000,   1.56320,
,,,0.032708000000,   1.56320,
,,,0.032712000000,   1.56320,
,,,0.032716000000,   1.56320,
,,,0.032720000000,   1.56320,
,,,0.032724000000,   1.56320,
,,,0.032728000000,   1.56320,
,,,0.032732000000,   1.56320,
,,,0.032736000000,   1.56320,
,,,0.032740000000,   1.56320,
,,,0.032744000000,   1.56320,
,,,0.032748000000,   1.56320,
,,,0.032752000000,   1.56320,
,,,0.032756000000,   1.56320,
,,,0.032760000000,   1.56320,
,,,0.032764000000,   1.56320,
,,,0.032768000000,   1.56400,
,,,0.032772000000,   1.56320,
,,,0.032776000000,   1.56320,
,,,0.032780000000,   1.56320,
,,,0.032784000000,   1.56320,
,,,0.032788000000,   1.56400,
,,,0.032792000000,   1.56320,
,,,0.032796000000,   1.56400,
,,,0.032800000000,   1.56320,
,,,0.032804000000,   1.56320,
,,,0.032808000000,   1.56320,
,,,0.032812000000,   1.56320,
,,,0.032816000000,   1.56320,
,,,0.032820000000,   1.56400,
,,,0.032824000000,   1.56400,
,,,0.032828000000,   1.56320,
,,,0.032832000000,   1.56400,
,,,0.032836000000,   1.56320,
,,,0.032840000000,   1.56400,
,,,0.032844000000,   1.56400,
,,,0.032848000000,   1.56320,
,,,0.032852000000,   1.56400,
,,,0.032856000000,   1.56320,
,,,0.032860000000,   1.56320,
,,,0.032864000000,   1.56320,
,,,0.032868000000,   1.56320,
,,,0.032872000000,   1.56320,
,,,0.032876000000,   1.56400,
,,,0.032880000000,   1.56320,
,,,0.032884000000,   1.56400,
,,,0.032888000000,   1.56400,
,,,0.032892000000,   1.56400,
,,,0.032896000000,   1.56400,
,,,0.032900000000,   1.56400,
,,,0.032904000000,   1.56400,
,,,0.032908000000,   1.56320,
,,,0.032912000000,   1.56400,
,,,0.032916000000,   1.56400,
,,,0.032920000000,   1.56400,
,,,0.032924000000,   1.56400,
,,,0.032928000000,   1.56400,
,,,0.032932000000,   1.56400,
,,,0.032936000000,   1.56400,
,,,0.032940000000,   1.56320,
,,,0.032944000000,   1.56400,
,,,0.032948000000,   1.56400,
,,,0.032952000000,   1.56400,
,,,0.032956000000,   1.56400,
,,,0.032960000000,   1.56400,
,,,0.032964000000,   1.56400,
,,,0.032968000000,   1.56400,
,,,0.032972000000,   1.56400,
,,,0.032976000000,   1.56400,
,,,0.032980000000,   1.56400,
,,,0.032984000000,   1.56400,
,,,0.032988000000,   1.56400,
,,,0.032992000000,   1.56400,
,,,0.032996000000,   1.56400,
,,,0.033000000000,   1.56400,
,,,0.033004000000,   1.56400,
,,,0.033008000000,   1.56400,
,,,0.033012000000,   1.56400,
,,,0.033016000000,   1.56400,
,,,0.033020000000,   1.56400,
,,,0.033024000000,   1.56400,
,,,0.033028000000,   1.56400,
,,,0.033032000000,   1.56400,
,,,0.033036000000,   1.56400,
,,,0.033040000000,   1.56400,
,,,0.033044000000,   1.56400,
,,,0.033048000000,   1.56400,
,,,0.033052000000,   1.56400,
,,,0.033056000000,   1.56400,
,,,0.033060000000,   1.56400,
,,,0.033064000000,   1.56400,
,,,0.033068000000,   1.56400,
,,,0.033072000000,   1.56400,
,,,0.033076000000,   1.56400,
,,,0.033080000000,   1.56400,
,,,0.033084000000,   1.56400,
,,,0.033088000000,   1.56400,
,,,0.033092000000,   1.56400,
,,,0.033096000000,   1.56400,
,,,0.033100000000,   1.56400,
,,,0.033104000000,   1.56400,
,,,0.033108000000,   1.56480,
,,,0.033112000000,   1.56400,
,,,0.033116000000,   1.56400,
,,,0.033120000000,   1.56400,
,,,0.033124000000,   1.56480,
,,,0.033128000000,   1.56400,
,,,0.033132000000,   1.56400,
,,,0.033136000000,   1.56400,
,,,0.033140000000,   1.56400,
,,,0.033144000000,   1.56480,
,,,0.033148000000,   1.56400,
,,,0.033152000000,   1.56400,
,,,0.033156000000,   1.56400,
,,,0.033160000000,   1.56480,
,,,0.033164000000,   1.56400,
,,,0.033168000000,   1.56480,
,,,0.033172000000,   1.56400,
,,,0.033176000000,   1.56400,
,,,0.033180000000,   1.56480,
,,,0.033184000000,   1.56400,
,,,0.033188000000,   1.56480,
,,,0.033192000000,   1.56400,
,,,0.033196000000,   1.56480,
,,,0.033200000000,   1.56480,
,,,0.033204000000,   1.56480,
,,,0.033208000000,   1.56400,
,,,0.033212000000,   1.56480,
,,,0.033216000000,   1.56480,
,,,0.033220000000,   1.56400,
,,,0.033224000000,   1.56400,
,,,0.033228000000,   1.56480,
,,,0.033232000000,   1.56480,
,,,0.033236000000,   1.56480,
,,,0.033240000000,   1.56480,
,,,0.033244000000,   1.56400,
,,,0.033248000000,   1.56480,
,,,0.033252000000,   1.56480,
,,,0.033256000000,   1.56480,
,,,0.033260000000,   1.56480,
,,,0.033264000000,   1.56480,
,,,0.033268000000,   1.56480,
,,,0.033272000000,   1.56480,
,,,0.033276000000,   1.56480,
,,,0.033280000000,   1.56480,
,,,0.033284000000,   1.56480,
,,,0.033288000000,   1.56480,
,,,0.033292000000,   1.56480,
,,,0.033296000000,   1.56480,
,,,0.033300000000,   1.56480,
,,,0.033304000000,   1.56480,
,,,0.033308000000,   1.56480,
,,,0.033312000000,   1.56480,
,,,0.033316000000,   1.56480,
,,,0.033320000000,   1.56480,
,,,0.033324000000,   1.56480,
,,,0.033328000000,   1.56480,
,,,0.033332000000,   1.56480,
,,,0.033336000000,   1.56480,
,,,0.033340000000,   1.56480,
,,,0.033344000000,   1.56480,
,,,0.033348000000,   1.56480,
,,,0.033352000000,   1.56480,
,,,0.033356000000,   1.56480,
,,,0.033360000000,   1.56480,
,,,0.033364000000,   1.56480,
,,,0.033368000000,   1.56480,
,,,0.033372000000,   1.56480,
,,,0.033376000000,   1.56480,
,,,0.033380000000,   1.56480,
,,,0.033384000000,   1.56480,
,,,0.033388000000,   1.56480,
,,,0.033392000000,   1.56480,
,,,0.033396000000,   1.56480,
,,,0.033400000000,   1.56480,
,,,0.033404000000,   1.56480,
,,,0.033408000000,   1.56480,
,,,0.033412000000,   1.56480,
,,,0.033416000000,   1.56480,
,,,0.033420000000,   1.56480,
,,,0.033424000000,   1.56480,
,,,0.033428000000,   1.56480,
,,,0.033432000000,   1.56480,
,,,0.033436000000,   1.56480,
,,,0.033440000000,   1.56480,
,,,0.033444000000,   1.56480,
,,,0.033448000000,   1.56480,
,,,0.033452000000,   1.56480,
,,,0.033456000000,   1.56480,
,,,0.033460000000,   1.56480,
,,,0.033464000000,   1.56480,
,,,0.033468000000,   1.56480,
,,,0.033472000000,   1.56480,
,,,0.033476000000,   1.56480,
,,,0.033480000000,   1.56480,
,,,0.033484000000,   1.56480,
,,,0.033488000000,   1.56560,
,,,0.033492000000,   1.56480,
,,,0.033496000000,   1.56480,
,,,0.033500000000,   1.56480,
,,,0.033504000000,   1.56480,
,,,0.033508000000,   1.56480,
,,,0.033512000000,   1.56480,
,,,0.033516000000,   1.56560,
,,,0.033520000000,   1.56480,
,,,0.033524000000,   1.56480,
,,,0.033528000000,   1.56480,
,,,0.033532000000,   1.56480,
,,,0.033536000000,   1.56480,
,,,0.033540000000,   1.56480,
,,,0.033544000000,   1.56480,
,,,0.033548000000,   1.56480,
,,,0.033552000000,   1.56560,
,,,0.033556000000,   1.56480,
,,,0.033560000000,   1.56480,
,,,0.033564000000,   1.56480,
,,,0.033568000000,   1.56480,
,,,0.033572000000,   1.56480,
,,,0.033576000000,   1.56480,
,,,0.033580000000,   1.56480,
,,,0.033584000000,   1.56480,
,,,0.033588000000,   1.56560,
,,,0.033592000000,   1.56560,
,,,0.033596000000,   1.56480,
,,,0.033600000000,   1.56560,
,,,0.033604000000,   1.56480,
,,,0.033608000000,   1.56560,
,,,0.033612000000,   1.56560,
,,,0.033616000000,   1.56560,
,,,0.033620000000,   1.56560,
,,,0.033624000000,   1.56560,
,,,0.033628000000,   1.56560,
,,,0.033632000000,   1.56560,
,,,0.033636000000,   1.56480,
,,,0.033640000000,   1.56560,
,,,0.033644000000,   1.56560,
,,,0.033648000000,   1.56560,
,,,0.033652000000,   1.56560,
,,,0.033656000000,   1.56480,
,,,0.033660000000,   1.56480,
,,,0.033664000000,   1.56560,
,,,0.033668000000,   1.56560,
,,,0.033672000000,   1.56480,
,,,0.033676000000,   1.56480,
,,,0.033680000000,   1.56480,
,,,0.033684000000,   1.56480,
,,,0.033688000000,   1.56560,
,,,0.033692000000,   1.56560,
,,,0.033696000000,   1.56480,
,,,0.033700000000,   1.56560,
,,,0.033704000000,   1.56560,
,,,0.033708000000,   1.56560,
,,,0.033712000000,   1.56560,
,,,0.033716000000,   1.56560,
,,,0.033720000000,   1.56560,
,,,0.033724000000,   1.56560,
,,,0.033728000000,   1.56480,
,,,0.033732000000,   1.56560,
,,,0.033736000000,   1.56560,
,,,0.033740000000,   1.56560,
,,,0.033744000000,   1.56560,
,,,0.033748000000,   1.56560,
,,,0.033752000000,   1.56560,
,,,0.033756000000,   1.56480,
,,,0.033760000000,   1.56560,
,,,0.033764000000,   1.56560,
,,,0.033768000000,   1.56560,
,,,0.033772000000,   1.56560,
,,,0.033776000000,   1.56560,
,,,0.033780000000,   1.56560,
,,,0.033784000000,   1.56560,
,,,0.033788000000,   1.56560,
,,,0.033792000000,   1.56560,
,,,0.033796000000,   1.56560,
,,,0.033800000000,   1.56560,
,,,0.033804000000,   1.56560,
,,,0.033808000000,   1.56560,
,,,0.033812000000,   1.56560,
,,,0.033816000000,   1.56560,
,,,0.033820000000,   1.56560,
,,,0.033824000000,   1.56560,
,,,0.033828000000,   1.56560,
,,,0.033832000000,   1.56560,
,,,0.033836000000,   1.56560,
,,,0.033840000000,   1.56560,
,,,0.033844000000,   1.56560,
,,,0.033848000000,   1.56560,
,,,0.033852000000,   1.56560,
,,,0.033856000000,   1.56560,
,,,0.033860000000,   1.56560,
,,,0.033864000000,   1.56640,
,,,0.033868000000,   1.56560,
,,,0.033872000000,   1.56560,
,,,0.033876000000,   1.56560,
,,,0.033880000000,   1.56560,
,,,0.033884000000,   1.56560,
,,,0.033888000000,   1.56560,
,,,0.033892000000,   1.56560,
,,,0.033896000000,   1.56560,
,,,0.033900000000,   1.56560,
,,,0.033904000000,   1.56560,
,,,0.033908000000,   1.56560,
,,,0.033912000000,   1.56560,
,,,0.033916000000,   1.56560,
,,,0.033920000000,   1.56560,
,,,0.033924000000,   1.56560,
,,,0.033928000000,   1.56560,
,,,0.033932000000,   1.56560,
,,,0.033936000000,   1.56560,
,,,0.033940000000,   1.56560,
,,,0.033944000000,   1.56560,
,,,0.033948000000,   1.56560,
,,,0.033952000000,   1.56640,
,,,0.033956000000,   1.56560,
,,,0.033960000000,   1.56560,
,,,0.033964000000,   1.56560,
,,,0.033968000000,   1.56640,
,,,0.033972000000,   1.56560,
,,,0.033976000000,   1.56560,
,,,0.033980000000,   1.56560,
,,,0.033984000000,   1.56560,
,,,0.033988000000,   1.56560,
,,,0.033992000000,   1.56560,
,,,0.033996000000,   1.56640,
,,,0.034000000000,   1.56560,
,,,0.034004000000,   1.56640,
,,,0.034008000000,   1.56640,
,,,0.034012000000,   1.56560,
,,,0.034016000000,   1.56560,
,,,0.034020000000,   1.56560,
,,,0.034024000000,   1.56560,
,,,0.034028000000,   1.56560,
,,,0.034032000000,   1.56560,
,,,0.034036000000,   1.56640,
,,,0.034040000000,   1.56560,
,,,0.034044000000,   1.56560,
,,,0.034048000000,   1.56560,
,,,0.034052000000,   1.56560,
,,,0.034056000000,   1.56640,
,,,0.034060000000,   1.56640,
,,,0.034064000000,   1.56560,
,,,0.034068000000,   1.56640,
,,,0.034072000000,   1.56640,
,,,0.034076000000,   1.56560,
,,,0.034080000000,   1.56560,
,,,0.034084000000,   1.56640,
,,,0.034088000000,   1.56640,
,,,0.034092000000,   1.56640,
,,,0.034096000000,   1.56560,
,,,0.034100000000,   1.56640,
,,,0.034104000000,   1.56640,
,,,0.034108000000,   1.56640,
,,,0.034112000000,   1.56640,
,,,0.034116000000,   1.56640,
,,,0.034120000000,   1.56560,
,,,0.034124000000,   1.56640,
,,,0.034128000000,   1.56560,
,,,0.034132000000,   1.56560,
,,,0.034136000000,   1.56560,
,,,0.034140000000,   1.56640,
,,,0.034144000000,   1.56640,
,,,0.034148000000,   1.56560,
,,,0.034152000000,   1.56560,
,,,0.034156000000,   1.56640,
,,,0.034160000000,   1.56640,
,,,0.034164000000,   1.56560,
,,,0.034168000000,   1.56640,
,,,0.034172000000,   1.56640,
,,,0.034176000000,   1.56640,
,,,0.034180000000,   1.56560,
,,,0.034184000000,   1.56640,
,,,0.034188000000,   1.56560,
,,,0.034192000000,   1.56640,
,,,0.034196000000,   1.56640,
,,,0.034200000000,   1.56640,
,,,0.034204000000,   1.56640,
,,,0.034208000000,   1.56560,
,,,0.034212000000,   1.56640,
,,,0.034216000000,   1.56640,
,,,0.034220000000,   1.56560,
,,,0.034224000000,   1.56640,
,,,0.034228000000,   1.56640,
,,,0.034232000000,   1.56640,
,,,0.034236000000,   1.56640,
,,,0.034240000000,   1.56640,
,,,0.034244000000,   1.56560,
,,,0.034248000000,   1.56640,
,,,0.034252000000,   1.56640,
,,,0.034256000000,   1.56640,
,,,0.034260000000,   1.56560,
,,,0.034264000000,   1.56640,
,,,0.034268000000,   1.56640,
,,,0.034272000000,   1.56640,
,,,0.034276000000,   1.56640,
,,,0.034280000000,   1.56640,
,,,0.034284000000,   1.56560,
,,,0.034288000000,   1.56640,
,,,0.034292000000,   1.56640,
,,,0.034296000000,   1.56640,
,,,0.034300000000,   1.56640,
,,,0.034304000000,   1.56640,
,,,0.034308000000,   1.56640,
,,,0.034312000000,   1.56640,
,,,0.034316000000,   1.56640,
,,,0.034320000000,   1.56640,
,,,0.034324000000,   1.56640,
,,,0.034328000000,   1.56640,
,,,0.034332000000,   1.56640,
,,,0.034336000000,   1.56640,
,,,0.034340000000,   1.56640,
,,,0.034344000000,   1.56640,
,,,0.034348000000,   1.56640,
,,,0.034352000000,   1.56640,
,,,0.034356000000,   1.56640,
,,,0.034360000000,   1.56640,
,,,0.034364000000,   1.56640,
,,,0.034368000000,   1.56640,
,,,0.034372000000,   1.56640,
,,,0.034376000000,   1.56640,
,,,0.034380000000,   1.56640,
,,,0.034384000000,   1.56640,
,,,0.034388000000,   1.56640,
,,,0.034392000000,   1.56640,
,,,0.034396000000,   1.56640,
,,,0.034400000000,   1.56640,
,,,0.034404000000,   1.56640,
,,,0.034408000000,   1.56640,
,,,0.034412000000,   1.56640,
,,,0.034416000000,   1.56640,
,,,0.034420000000,   1.56640,
,,,0.034424000000,   1.56640,
,,,0.034428000000,   1.56560,
,,,0.034432000000,   1.56640,
,,,0.034436000000,   1.56640,
,,,0.034440000000,   1.56640,
,,,0.034444000000,   1.56640,
,,,0.034448000000,   1.56640,
,,,0.034452000000,   1.56640,
,,,0.034456000000,   1.56640,
,,,0.034460000000,   1.56640,
,,,0.034464000000,   1.56640,
,,,0.034468000000,   1.56640,
,,,0.034472000000,   1.56640,
,,,0.034476000000,   1.56640,
,,,0.034480000000,   1.56640,
,,,0.034484000000,   1.56640,
,,,0.034488000000,   1.56640,
,,,0.034492000000,   1.56640,
,,,0.034496000000,   1.56640,
,,,0.034500000000,   1.56640,
,,,0.034504000000,   1.56640,
,,,0.034508000000,   1.56640,
,,,0.034512000000,   1.56640,
,,,0.034516000000,   1.56640,
,,,0.034520000000,   1.56640,
,,,0.034524000000,   1.56560,
,,,0.034528000000,   1.56640,
,,,0.034532000000,   1.56640,
,,,0.034536000000,   1.56640,
,,,0.034540000000,   1.56640,
,,,0.034544000000,   1.56640,
,,,0.034548000000,   1.56640,
,,,0.034552000000,   1.56640,
,,,0.034556000000,   1.56640,
,,,0.034560000000,   1.56640,
,,,0.034564000000,   1.56640,
,,,0.034568000000,   1.56640,
,,,0.034572000000,   1.56640,
,,,0.034576000000,   1.56640,
,,,0.034580000000,   1.56720,
,,,0.034584000000,   1.56640,
,,,0.034588000000,   1.56640,
,,,0.034592000000,   1.56640,
,,,0.034596000000,   1.56640,
,,,0.034600000000,   1.56640,
,,,0.034604000000,   1.56640,
,,,0.034608000000,   1.56640,
,,,0.034612000000,   1.56640,
,,,0.034616000000,   1.56640,
,,,0.034620000000,   1.56640,
,,,0.034624000000,   1.56640,
,,,0.034628000000,   1.56640,
,,,0.034632000000,   1.56640,
,,,0.034636000000,   1.56640,
,,,0.034640000000,   1.56640,
,,,0.034644000000,   1.56640,
,,,0.034648000000,   1.56640,
,,,0.034652000000,   1.56640,
,,,0.034656000000,   1.56640,
,,,0.034660000000,   1.56640,
,,,0.034664000000,   1.56640,
,,,0.034668000000,   1.56640,
,,,0.034672000000,   1.56640,
,,,0.034676000000,   1.56640,
,,,0.034680000000,   1.56640,
,,,0.034684000000,   1.56640,
,,,0.034688000000,   1.56640,
,,,0.034692000000,   1.56640,
,,,0.034696000000,   1.56640,
,,,0.034700000000,   1.56640,
,,,0.034704000000,   1.56640,
,,,0.034708000000,   1.56640,
,,,0.034712000000,   1.56640,
,,,0.034716000000,   1.56640,
,,,0.034720000000,   1.56640,
,,,0.034724000000,   1.56640,
,,,0.034728000000,   1.56640,
,,,0.034732000000,   1.56640,
,,,0.034736000000,   1.56640,
,,,0.034740000000,   1.56640,
,,,0.034744000000,   1.56640,
,,,0.034748000000,   1.56640,
,,,0.034752000000,   1.56640,
,,,0.034756000000,   1.56640,
,,,0.034760000000,   1.56640,
,,,0.034764000000,   1.56640,
,,,0.034768000000,   1.56640,
,,,0.034772000000,   1.56640,
,,,0.034776000000,   1.56640,
,,,0.034780000000,   1.56640,
,,,0.034784000000,   1.56640,
,,,0.034788000000,   1.56640,
,,,0.034792000000,   1.56640,
,,,0.034796000000,   1.56640,
,,,0.034800000000,   1.56640,
,,,0.034804000000,   1.56640,
,,,0.034808000000,   1.56640,
,,,0.034812000000,   1.56640,
,,,0.034816000000,   1.56640,
,,,0.034820000000,   1.56640,
,,,0.034824000000,   1.56640,
,,,0.034828000000,   1.56640,
,,,0.034832000000,   1.56640,
,,,0.034836000000,   1.56640,
,,,0.034840000000,   1.56720,
,,,0.034844000000,   1.56640,
,,,0.034848000000,   1.56640,
,,,0.034852000000,   1.56640,
,,,0.034856000000,   1.56640,
,,,0.034860000000,   1.56640,
,,,0.034864000000,   1.56640,
,,,0.034868000000,   1.56640,
,,,0.034872000000,   1.56640,
,,,0.034876000000,   1.56640,
,,,0.034880000000,   1.56640,
,,,0.034884000000,   1.56640,
,,,0.034888000000,   1.56720,
,,,0.034892000000,   1.56640,
,,,0.034896000000,   1.56640,
,,,0.034900000000,   1.56640,
,,,0.034904000000,   1.56640,
,,,0.034908000000,   1.56640,
,,,0.034912000000,   1.56640,
,,,0.034916000000,   1.56640,
,,,0.034920000000,   1.56640,
,,,0.034924000000,   1.56640,
,,,0.034928000000,   1.56720,
,,,0.034932000000,   1.56640,
,,,0.034936000000,   1.56640,
,,,0.034940000000,   1.56640,
,,,0.034944000000,   1.56640,
,,,0.034948000000,   1.56640,
,,,0.034952000000,   1.56720,
,,,0.034956000000,   1.56640,
,,,0.034960000000,   1.56640,
,,,0.034964000000,   1.56640,
,,,0.034968000000,   1.56640,
,,,0.034972000000,   1.56640,
,,,0.034976000000,   1.56720,
,,,0.034980000000,   1.56640,
,,,0.034984000000,   1.56640,
,,,0.034988000000,   1.56640,
,,,0.034992000000,   1.56640,
,,,0.034996000000,   1.56640,
,,,0.035000000000,   1.56720,
,,,0.035004000000,   1.56640,
,,,0.035008000000,   1.56640,
,,,0.035012000000,   1.56640,
,,,0.035016000000,   1.56640,
,,,0.035020000000,   1.56640,
,,,0.035024000000,   1.56720,
,,,0.035028000000,   1.56640,
,,,0.035032000000,   1.56640,
,,,0.035036000000,   1.56640,
,,,0.035040000000,   1.56640,
,,,0.035044000000,   1.56640,
,,,0.035048000000,   1.56640,
,,,0.035052000000,   1.56720,
,,,0.035056000000,   1.56720,
,,,0.035060000000,   1.56640,
,,,0.035064000000,   1.56640,
,,,0.035068000000,   1.56640,
,,,0.035072000000,   1.56640,
,,,0.035076000000,   1.56640,
,,,0.035080000000,   1.56640,
,,,0.035084000000,   1.56640,
,,,0.035088000000,   1.56640,
,,,0.035092000000,   1.56640,
,,,0.035096000000,   1.56640,
,,,0.035100000000,   1.56640,
,,,0.035104000000,   1.56640,
,,,0.035108000000,   1.56640,
,,,0.035112000000,   1.56640,
,,,0.035116000000,   1.56640,
,,,0.035120000000,   1.56640,
,,,0.035124000000,   1.56640,
,,,0.035128000000,   1.56640,
,,,0.035132000000,   1.56640,
,,,0.035136000000,   1.56640,
,,,0.035140000000,   1.56640,
,,,0.035144000000,   1.56720,
,,,0.035148000000,   1.56640,
,,,0.035152000000,   1.56640,
,,,0.035156000000,   1.56720,
,,,0.035160000000,   1.56720,
,,,0.035164000000,   1.56640,
,,,0.035168000000,   1.56720,
,,,0.035172000000,   1.56640,
,,,0.035176000000,   1.56640,
,,,0.035180000000,   1.56640,
,,,0.035184000000,   1.56640,
,,,0.035188000000,   1.56640,
,,,0.035192000000,   1.56640,
,,,0.035196000000,   1.56640,
,,,0.035200000000,   1.56640,
,,,0.035204000000,   1.56640,
,,,0.035208000000,   1.56720,
,,,0.035212000000,   1.56720,
,,,0.035216000000,   1.56640,
,,,0.035220000000,   1.56640,
,,,0.035224000000,   1.56720,
,,,0.035228000000,   1.56720,
,,,0.035232000000,   1.56640,
,,,0.035236000000,   1.56640,
,,,0.035240000000,   1.56640,
,,,0.035244000000,   1.56720,
,,,0.035248000000,   1.56640,
,,,0.035252000000,   1.56640,
,,,0.035256000000,   1.56640,
,,,0.035260000000,   1.56640,
,,,0.035264000000,   1.56640,
,,,0.035268000000,   1.56640,
,,,0.035272000000,   1.56640,
,,,0.035276000000,   1.56640,
,,,0.035280000000,   1.56640,
,,,0.035284000000,   1.56640,
,,,0.035288000000,   1.56640,
,,,0.035292000000,   1.56720,
,,,0.035296000000,   1.56640,
,,,0.035300000000,   1.56640,
,,,0.035304000000,   1.56640,
,,,0.035308000000,   1.56640,
,,,0.035312000000,   1.56640,
,,,0.035316000000,   1.56640,
,,,0.035320000000,   1.56640,
,,,0.035324000000,   1.56640,
,,,0.035328000000,   1.56640,
,,,0.035332000000,   1.56720,
,,,0.035336000000,   1.56640,
,,,0.035340000000,   1.56720,
,,,0.035344000000,   1.56720,
,,,0.035348000000,   1.56640,
,,,0.035352000000,   1.56640,
,,,0.035356000000,   1.56640,
,,,0.035360000000,   1.56720,
,,,0.035364000000,   1.56720,
,,,0.035368000000,   1.56640,
,,,0.035372000000,   1.56640,
,,,0.035376000000,   1.56640,
,,,0.035380000000,   1.56640,
,,,0.035384000000,   1.56640,
,,,0.035388000000,   1.56640,
,,,0.035392000000,   1.56640,
,,,0.035396000000,   1.56640,
,,,0.035400000000,   1.56640,
,,,0.035404000000,   1.56720,
,,,0.035408000000,   1.56640,
,,,0.035412000000,   1.56640,
,,,0.035416000000,   1.56720,
,,,0.035420000000,   1.56640,
,,,0.035424000000,   1.56640,
,,,0.035428000000,   1.56640,
,,,0.035432000000,   1.56640,
,,,0.035436000000,   1.56640,
,,,0.035440000000,   1.56640,
,,,0.035444000000,   1.56640,
,,,0.035448000000,   1.56640,
,,,0.035452000000,   1.56640,
,,,0.035456000000,   1.56720,
,,,0.035460000000,   1.56640,
,,,0.035464000000,   1.56640,
,,,0.035468000000,   1.56640,
,,,0.035472000000,   1.56640,
,,,0.035476000000,   1.56720,
,,,0.035480000000,   1.56720,
,,,0.035484000000,   1.56640,
,,,0.035488000000,   1.56640,
,,,0.035492000000,   1.56720,
,,,0.035496000000,   1.56640,
,,,0.035500000000,   1.56640,
,,,0.035504000000,   1.56640,
,,,0.035508000000,   1.56640,
,,,0.035512000000,   1.56640,
,,,0.035516000000,   1.56640,
,,,0.035520000000,   1.56640,
,,,0.035524000000,   1.56640,
,,,0.035528000000,   1.56640,
,,,0.035532000000,   1.56720,
,,,0.035536000000,   1.56640,
,,,0.035540000000,   1.56640,
,,,0.035544000000,   1.56640,
,,,0.035548000000,   1.56640,
,,,0.035552000000,   1.56640,
,,,0.035556000000,   1.56640,
,,,0.035560000000,   1.56640,
,,,0.035564000000,   1.56720,
,,,0.035568000000,   1.56640,
,,,0.035572000000,   1.56640,
,,,0.035576000000,   1.56640,
,,,0.035580000000,   1.56640,
,,,0.035584000000,   1.56640,
,,,0.035588000000,   1.56640,
,,,0.035592000000,   1.56640,
,,,0.035596000000,   1.56640,
,,,0.035600000000,   1.56640,
,,,0.035604000000,   1.56640,
,,,0.035608000000,   1.56640,
,,,0.035612000000,   1.56640,
,,,0.035616000000,   1.56640,
,,,0.035620000000,   1.56640,
,,,0.035624000000,   1.56640,
,,,0.035628000000,   1.56640,
,,,0.035632000000,   1.56640,
,,,0.035636000000,   1.56640,
,,,0.035640000000,   1.56640,
,,,0.035644000000,   1.56640,
,,,0.035648000000,   1.56640,
,,,0.035652000000,   1.56640,
,,,0.035656000000,   1.56640,
,,,0.035660000000,   1.56640,
,,,0.035664000000,   1.56640,
,,,0.035668000000,   1.56640,
,,,0.035672000000,   1.56640,
,,,0.035676000000,   1.56640,
,,,0.035680000000,   1.56720,
,,,0.035684000000,   1.56640,
,,,0.035688000000,   1.56640,
,,,0.035692000000,   1.56640,
,,,0.035696000000,   1.56640,
,,,0.035700000000,   1.56640,
,,,0.035704000000,   1.56640,
,,,0.035708000000,   1.56640,
,,,0.035712000000,   1.56640,
,,,0.035716000000,   1.56640,
,,,0.035720000000,   1.56640,
,,,0.035724000000,   1.56640,
,,,0.035728000000,   1.56640,
,,,0.035732000000,   1.56640,
,,,0.035736000000,   1.56640,
,,,0.035740000000,   1.56640,
,,,0.035744000000,   1.56640,
,,,0.035748000000,   1.56640,
,,,0.035752000000,   1.56640,
,,,0.035756000000,   1.56640,
,,,0.035760000000,   1.56720,
,,,0.035764000000,   1.56640,
,,,0.035768000000,   1.56640,
,,,0.035772000000,   1.56640,
,,,0.035776000000,   1.56640,
,,,0.035780000000,   1.56640,
,,,0.035784000000,   1.56640,
,,,0.035788000000,   1.56640,
,,,0.035792000000,   1.56640,
,,,0.035796000000,   1.56640,
,,,0.035800000000,   1.56720,
,,,0.035804000000,   1.56640,
,,,0.035808000000,   1.56640,
,,,0.035812000000,   1.56640,
,,,0.035816000000,   1.56640,
,,,0.035820000000,   1.56640,
,,,0.035824000000,   1.56720,
,,,0.035828000000,   1.56640,
,,,0.035832000000,   1.56640,
,,,0.035836000000,   1.56640,
,,,0.035840000000,   1.56640,
,,,0.035844000000,   1.56640,
,,,0.035848000000,   1.56640,
,,,0.035852000000,   1.56640,
,,,0.035856000000,   1.56720,
,,,0.035860000000,   1.56640,
,,,0.035864000000,   1.56640,
,,,0.035868000000,   1.56640,
,,,0.035872000000,   1.56640,
,,,0.035876000000,   1.56640,
,,,0.035880000000,   1.56640,
,,,0.035884000000,   1.56640,
,,,0.035888000000,   1.56640,
,,,0.035892000000,   1.56640,
,,,0.035896000000,   1.56640,
,,,0.035900000000,   1.56640,
,,,0.035904000000,   1.56640,
,,,0.035908000000,   1.56640,
,,,0.035912000000,   1.56640,
,,,0.035916000000,   1.56640,
,,,0.035920000000,   1.56640,
,,,0.035924000000,   1.56640,
,,,0.035928000000,   1.56640,
,,,0.035932000000,   1.56640,
,,,0.035936000000,   1.56640,
,,,0.035940000000,   1.56640,
,,,0.035944000000,   1.56640,
,,,0.035948000000,   1.56640,
,,,0.035952000000,   1.56640,
,,,0.035956000000,   1.56640,
,,,0.035960000000,   1.56640,
,,,0.035964000000,   1.56640,
,,,0.035968000000,   1.56640,
,,,0.035972000000,   1.56640,
,,,0.035976000000,   1.56640,
,,,0.035980000000,   1.56640,
,,,0.035984000000,   1.56640,
,,,0.035988000000,   1.56640,
,,,0.035992000000,   1.56640,
,,,0.035996000000,   1.56640,
,,,0.036000000000,   1.56640,
,,,0.036004000000,   1.56640,
,,,0.036008000000,   1.56640,
,,,0.036012000000,   1.56640,
,,,0.036016000000,   1.56640,
,,,0.036020000000,   1.56640,
,,,0.036024000000,   1.56640,
,,,0.036028000000,   1.56640,
,,,0.036032000000,   1.56640,
,,,0.036036000000,   1.56640,
,,,0.036040000000,   1.56640,
,,,0.036044000000,   1.56640,
,,,0.036048000000,   1.56640,
,,,0.036052000000,   1.56640,
,,,0.036056000000,   1.56640,
,,,0.036060000000,   1.56640,
,,,0.036064000000,   1.56640,
,,,0.036068000000,   1.56640,
,,,0.036072000000,   1.56640,
,,,0.036076000000,   1.56640,
,,,0.036080000000,   1.56640,
,,,0.036084000000,   1.56640,
,,,0.036088000000,   1.56640,
,,,0.036092000000,   1.56640,
,,,0.036096000000,   1.56640,
,,,0.036100000000,   1.56560,
,,,0.036104000000,   1.56560,
,,,0.036108000000,   1.56640,
,,,0.036112000000,   1.56640,
,,,0.036116000000,   1.56640,
,,,0.036120000000,   1.56640,
,,,0.036124000000,   1.56640,
,,,0.036128000000,   1.56640,
,,,0.036132000000,   1.56640,
,,,0.036136000000,   1.56640,
,,,0.036140000000,   1.56640,
,,,0.036144000000,   1.56640,
,,,0.036148000000,   1.56640,
,,,0.036152000000,   1.56640,
,,,0.036156000000,   1.56640,
,,,0.036160000000,   1.56640,
,,,0.036164000000,   1.56640,
,,,0.036168000000,   1.56640,
,,,0.036172000000,   1.56640,
,,,0.036176000000,   1.56640,
,,,0.036180000000,   1.56640,
,,,0.036184000000,   1.56640,
,,,0.036188000000,   1.56640,
,,,0.036192000000,   1.56560,
,,,0.036196000000,   1.56640,
,,,0.036200000000,   1.56640,
,,,0.036204000000,   1.56640,
,,,0.036208000000,   1.56640,
,,,0.036212000000,   1.56640,
,,,0.036216000000,   1.56560,
,,,0.036220000000,   1.56640,
,,,0.036224000000,   1.56640,
,,,0.036228000000,   1.56640,
,,,0.036232000000,   1.56640,
,,,0.036236000000,   1.56560,
,,,0.036240000000,   1.56640,
,,,0.036244000000,   1.56640,
,,,0.036248000000,   1.56640,
,,,0.036252000000,   1.56640,
,,,0.036256000000,   1.56640,
,,,0.036260000000,   1.56640,
,,,0.036264000000,   1.56640,
,,,0.036268000000,   1.56640,
,,,0.036272000000,   1.56640,
,,,0.036276000000,   1.56640,
,,,0.036280000000,   1.56560,
,,,0.036284000000,   1.56640,
,,,0.036288000000,   1.56560,
,,,0.036292000000,   1.56640,
,,,0.036296000000,   1.56640,
,,,0.036300000000,   1.56560,
,,,0.036304000000,   1.56560,
,,,0.036308000000,   1.56640,
,,,0.036312000000,   1.56560,
,,,0.036316000000,   1.56640,
,,,0.036320000000,   1.56640,
,,,0.036324000000,   1.56640,
,,,0.036328000000,   1.56640,
,,,0.036332000000,   1.56560,
,,,0.036336000000,   1.56640,
,,,0.036340000000,   1.56560,
,,,0.036344000000,   1.56560,
,,,0.036348000000,   1.56560,
,,,0.036352000000,   1.56640,
,,,0.036356000000,   1.56560,
,,,0.036360000000,   1.56640,
,,,0.036364000000,   1.56560,
,,,0.036368000000,   1.56640,
,,,0.036372000000,   1.56640,
,,,0.036376000000,   1.56640,
,,,0.036380000000,   1.56560,
,,,0.036384000000,   1.56640,
,,,0.036388000000,   1.56560,
,,,0.036392000000,   1.56560,
,,,0.036396000000,   1.56560,
,,,0.036400000000,   1.56560,
,,,0.036404000000,   1.56560,
,,,0.036408000000,   1.56560,
,,,0.036412000000,   1.56560,
,,,0.036416000000,   1.56640,
,,,0.036420000000,   1.56560,
,,,0.036424000000,   1.56560,
,,,0.036428000000,   1.56560,
,,,0.036432000000,   1.56560,
,,,0.036436000000,   1.56560,
,,,0.036440000000,   1.56560,
,,,0.036444000000,   1.56560,
,,,0.036448000000,   1.56640,
,,,0.036452000000,   1.56560,
,,,0.036456000000,   1.56560,
,,,0.036460000000,   1.56560,
,,,0.036464000000,   1.56560,
,,,0.036468000000,   1.56560,
,,,0.036472000000,   1.56640,
,,,0.036476000000,   1.56640,
,,,0.036480000000,   1.56640,
,,,0.036484000000,   1.56560,
,,,0.036488000000,   1.56560,
,,,0.036492000000,   1.56560,
,,,0.036496000000,   1.56640,
,,,0.036500000000,   1.56560,
,,,0.036504000000,   1.56560,
,,,0.036508000000,   1.56560,
,,,0.036512000000,   1.56560,
,,,0.036516000000,   1.56640,
,,,0.036520000000,   1.56560,
,,,0.036524000000,   1.56560,
,,,0.036528000000,   1.56560,
,,,0.036532000000,   1.56560,
,,,0.036536000000,   1.56560,
,,,0.036540000000,   1.56560,
,,,0.036544000000,   1.56560,
,,,0.036548000000,   1.56640,
,,,0.036552000000,   1.56560,
,,,0.036556000000,   1.56560,
,,,0.036560000000,   1.56560,
,,,0.036564000000,   1.56560,
,,,0.036568000000,   1.56560,
,,,0.036572000000,   1.56560,
,,,0.036576000000,   1.56560,
,,,0.036580000000,   1.56560,
,,,0.036584000000,   1.56560,
,,,0.036588000000,   1.56560,
,,,0.036592000000,   1.56560,
,,,0.036596000000,   1.56560,
,,,0.036600000000,   1.56560,
,,,0.036604000000,   1.56560,
,,,0.036608000000,   1.56560,
,,,0.036612000000,   1.56560,
,,,0.036616000000,   1.56560,
,,,0.036620000000,   1.56640,
,,,0.036624000000,   1.56560,
,,,0.036628000000,   1.56560,
,,,0.036632000000,   1.56560,
,,,0.036636000000,   1.56560,
,,,0.036640000000,   1.56560,
,,,0.036644000000,   1.56560,
,,,0.036648000000,   1.56560,
,,,0.036652000000,   1.56560,
,,,0.036656000000,   1.56560,
,,,0.036660000000,   1.56560,
,,,0.036664000000,   1.56560,
,,,0.036668000000,   1.56640,
,,,0.036672000000,   1.56560,
,,,0.036676000000,   1.56560,
,,,0.036680000000,   1.56560,
,,,0.036684000000,   1.56560,
,,,0.036688000000,   1.56560,
,,,0.036692000000,   1.56560,
,,,0.036696000000,   1.56560,
,,,0.036700000000,   1.56560,
,,,0.036704000000,   1.56560,
,,,0.036708000000,   1.56560,
,,,0.036712000000,   1.56560,
,,,0.036716000000,   1.56560,
,,,0.036720000000,   1.56560,
,,,0.036724000000,   1.56560,
,,,0.036728000000,   1.56560,
,,,0.036732000000,   1.56560,
,,,0.036736000000,   1.56560,
,,,0.036740000000,   1.56560,
,,,0.036744000000,   1.56560,
,,,0.036748000000,   1.56560,
,,,0.036752000000,   1.56560,
,,,0.036756000000,   1.56560,
,,,0.036760000000,   1.56560,
,,,0.036764000000,   1.56560,
,,,0.036768000000,   1.56560,
,,,0.036772000000,   1.56560,
,,,0.036776000000,   1.56560,
,,,0.036780000000,   1.56560,
,,,0.036784000000,   1.56560,
,,,0.036788000000,   1.56560,
,,,0.036792000000,   1.56560,
,,,0.036796000000,   1.56560,
,,,0.036800000000,   1.56560,
,,,0.036804000000,   1.56560,
,,,0.036808000000,   1.56560,
,,,0.036812000000,   1.56560,
,,,0.036816000000,   1.56560,
,,,0.036820000000,   1.56560,
,,,0.036824000000,   1.56560,
,,,0.036828000000,   1.56560,
,,,0.036832000000,   1.56560,
,,,0.036836000000,   1.56560,
,,,0.036840000000,   1.56480,
,,,0.036844000000,   1.56560,
,,,0.036848000000,   1.56560,
,,,0.036852000000,   1.56480,
,,,0.036856000000,   1.56480,
,,,0.036860000000,   1.56480,
,,,0.036864000000,   1.56480,
,,,0.036868000000,   1.56560,
,,,0.036872000000,   1.56560,
,,,0.036876000000,   1.56560,
,,,0.036880000000,   1.56560,
,,,0.036884000000,   1.56480,
,,,0.036888000000,   1.56480,
,,,0.036892000000,   1.56560,
,,,0.036896000000,   1.56480,
,,,0.036900000000,   1.56560,
,,,0.036904000000,   1.56560,
,,,0.036908000000,   1.56560,
,,,0.036912000000,   1.56560,
,,,0.036916000000,   1.56560,
,,,0.036920000000,   1.56560,
,,,0.036924000000,   1.56560,
,,,0.036928000000,   1.56560,
,,,0.036932000000,   1.56560,
,,,0.036936000000,   1.56560,
,,,0.036940000000,   1.56560,
,,,0.036944000000,   1.56480,
,,,0.036948000000,   1.56560,
,,,0.036952000000,   1.56560,
,,,0.036956000000,   1.56480,
,,,0.036960000000,   1.56480,
,,,0.036964000000,   1.56480,
,,,0.036968000000,   1.56560,
,,,0.036972000000,   1.56480,
,,,0.036976000000,   1.56480,
,,,0.036980000000,   1.56480,
,,,0.036984000000,   1.56480,
,,,0.036988000000,   1.56480,
,,,0.036992000000,   1.56480,
,,,0.036996000000,   1.56480,
,,,0.037000000000,   1.56560,
,,,0.037004000000,   1.56560,
,,,0.037008000000,   1.56480,
,,,0.037012000000,   1.56480,
,,,0.037016000000,   1.56560,
,,,0.037020000000,   1.56480,
,,,0.037024000000,   1.56480,
,,,0.037028000000,   1.56480,
,,,0.037032000000,   1.56560,
,,,0.037036000000,   1.56480,
,,,0.037040000000,   1.56480,
,,,0.037044000000,   1.56480,
,,,0.037048000000,   1.56480,
,,,0.037052000000,   1.56480,
,,,0.037056000000,   1.56480,
,,,0.037060000000,   1.56560,
,,,0.037064000000,   1.56480,
,,,0.037068000000,   1.56480,
,,,0.037072000000,   1.56480,
,,,0.037076000000,   1.56480,
,,,0.037080000000,   1.56560,
,,,0.037084000000,   1.56480,
,,,0.037088000000,   1.56480,
,,,0.037092000000,   1.56480,
,,,0.037096000000,   1.56480,
,,,0.037100000000,   1.56480,
,,,0.037104000000,   1.56480,
,,,0.037108000000,   1.56480,
,,,0.037112000000,   1.56480,
,,,0.037116000000,   1.56480,
,,,0.037120000000,   1.56480,
,,,0.037124000000,   1.56480,
,,,0.037128000000,   1.56480,
,,,0.037132000000,   1.56480,
,,,0.037136000000,   1.56480,
,,,0.037140000000,   1.56480,
,,,0.037144000000,   1.56480,
,,,0.037148000000,   1.56480,
,,,0.037152000000,   1.56480,
,,,0.037156000000,   1.56480,
,,,0.037160000000,   1.56480,
,,,0.037164000000,   1.56480,
,,,0.037168000000,   1.56480,
,,,0.037172000000,   1.56480,
,,,0.037176000000,   1.56480,
,,,0.037180000000,   1.56480,
,,,0.037184000000,   1.56480,
,,,0.037188000000,   1.56480,
,,,0.037192000000,   1.56480,
,,,0.037196000000,   1.56480,
,,,0.037200000000,   1.56480,
,,,0.037204000000,   1.56480,
,,,0.037208000000,   1.56480,
,,,0.037212000000,   1.56480,
,,,0.037216000000,   1.56480,
,,,0.037220000000,   1.56480,
,,,0.037224000000,   1.56480,
,,,0.037228000000,   1.56480,
,,,0.037232000000,   1.56480,
,,,0.037236000000,   1.56480,
,,,0.037240000000,   1.56480,
,,,0.037244000000,   1.56480,
,,,0.037248000000,   1.56480,
,,,0.037252000000,   1.56400,
,,,0.037256000000,   1.56480,
,,,0.037260000000,   1.56400,
,,,0.037264000000,   1.56480,
,,,0.037268000000,   1.56480,
,,,0.037272000000,   1.56480,
,,,0.037276000000,   1.56480,
,,,0.037280000000,   1.56480,
,,,0.037284000000,   1.56480,
,,,0.037288000000,   1.56480,
,,,0.037292000000,   1.56480,
,,,0.037296000000,   1.56400,
,,,0.037300000000,   1.56480,
,,,0.037304000000,   1.56480,
,,,0.037308000000,   1.56480,
,,,0.037312000000,   1.56480,
,,,0.037316000000,   1.56480,
,,,0.037320000000,   1.56400,
,,,0.037324000000,   1.56400,
,,,0.037328000000,   1.56480,
,,,0.037332000000,   1.56480,
,,,0.037336000000,   1.56480,
,,,0.037340000000,   1.56400,
,,,0.037344000000,   1.56400,
,,,0.037348000000,   1.56480,
,,,0.037352000000,   1.56480,
,,,0.037356000000,   1.56480,
,,,0.037360000000,   1.56480,
,,,0.037364000000,   1.56480,
,,,0.037368000000,   1.56400,
,,,0.037372000000,   1.56480,
,,,0.037376000000,   1.56480,
,,,0.037380000000,   1.56400,
,,,0.037384000000,   1.56480,
,,,0.037388000000,   1.56400,
,,,0.037392000000,   1.56480,
,,,0.037396000000,   1.56400,
,,,0.037400000000,   1.56400,
,,,0.037404000000,   1.56400,
,,,0.037408000000,   1.56400,
,,,0.037412000000,   1.56400,
,,,0.037416000000,   1.56400,
,,,0.037420000000,   1.56400,
,,,0.037424000000,   1.56480,
,,,0.037428000000,   1.56400,
,,,0.037432000000,   1.56480,
,,,0.037436000000,   1.56480,
,,,0.037440000000,   1.56480,
,,,0.037444000000,   1.56400,
,,,0.037448000000,   1.56400,
,,,0.037452000000,   1.56480,
,,,0.037456000000,   1.56400,
,,,0.037460000000,   1.56400,
,,,0.037464000000,   1.56400,
,,,0.037468000000,   1.56480,
,,,0.037472000000,   1.56400,
,,,0.037476000000,   1.56400,
,,,0.037480000000,   1.56400,
,,,0.037484000000,   1.56400,
,,,0.037488000000,   1.56400,
,,,0.037492000000,   1.56400,
,,,0.037496000000,   1.56480,
,,,0.037500000000,   1.56400,
,,,0.037504000000,   1.56400,
,,,0.037508000000,   1.56400,
,,,0.037512000000,   1.56400,
,,,0.037516000000,   1.56400,
,,,0.037520000000,   1.56400,
,,,0.037524000000,   1.56400,
,,,0.037528000000,   1.56480,
,,,0.037532000000,   1.56400,
,,,0.037536000000,   1.56400,
,,,0.037540000000,   1.56480,
,,,0.037544000000,   1.56400,
,,,0.037548000000,   1.56400,
,,,0.037552000000,   1.56400,
,,,0.037556000000,   1.56400,
,,,0.037560000000,   1.56400,
,,,0.037564000000,   1.56400,
,,,0.037568000000,   1.56400,
,,,0.037572000000,   1.56400,
,,,0.037576000000,   1.56400,
,,,0.037580000000,   1.56400,
,,,0.037584000000,   1.56400,
,,,0.037588000000,   1.56400,
,,,0.037592000000,   1.56400,
,,,0.037596000000,   1.56400,
,,,0.037600000000,   1.56400,
,,,0.037604000000,   1.56400,
,,,0.037608000000,   1.56400,
,,,0.037612000000,   1.56400,
,,,0.037616000000,   1.56400,
,,,0.037620000000,   1.56400,
,,,0.037624000000,   1.56400,
,,,0.037628000000,   1.56400,
,,,0.037632000000,   1.56400,
,,,0.037636000000,   1.56400,
,,,0.037640000000,   1.56400,
,,,0.037644000000,   1.56400,
,,,0.037648000000,   1.56400,
,,,0.037652000000,   1.56400,
,,,0.037656000000,   1.56400,
,,,0.037660000000,   1.56400,
,,,0.037664000000,   1.56400,
,,,0.037668000000,   1.56320,
,,,0.037672000000,   1.56400,
,,,0.037676000000,   1.56400,
,,,0.037680000000,   1.56400,
,,,0.037684000000,   1.56400,
,,,0.037688000000,   1.56400,
,,,0.037692000000,   1.56400,
,,,0.037696000000,   1.56400,
,,,0.037700000000,   1.56400,
,,,0.037704000000,   1.56400,
,,,0.037708000000,   1.56400,
,,,0.037712000000,   1.56400,
,,,0.037716000000,   1.56400,
,,,0.037720000000,   1.56400,
,,,0.037724000000,   1.56400,
,,,0.037728000000,   1.56400,
,,,0.037732000000,   1.56400,
,,,0.037736000000,   1.56320,
,,,0.037740000000,   1.56400,
,,,0.037744000000,   1.56400,
,,,0.037748000000,   1.56400,
,,,0.037752000000,   1.56320,
,,,0.037756000000,   1.56320,
,,,0.037760000000,   1.56400,
,,,0.037764000000,   1.56400,
,,,0.037768000000,   1.56400,
,,,0.037772000000,   1.56400,
,,,0.037776000000,   1.56400,
,,,0.037780000000,   1.56400,
,,,0.037784000000,   1.56400,
,,,0.037788000000,   1.56400,
,,,0.037792000000,   1.56320,
,,,0.037796000000,   1.56400,
,,,0.037800000000,   1.56320,
,,,0.037804000000,   1.56320,
,,,0.037808000000,   1.56400,
,,,0.037812000000,   1.56400,
,,,0.037816000000,   1.56400,
,,,0.037820000000,   1.56320,
,,,0.037824000000,   1.56320,
,,,0.037828000000,   1.56400,
,,,0.037832000000,   1.56320,
,,,0.037836000000,   1.56320,
,,,0.037840000000,   1.56320,
,,,0.037844000000,   1.56320,
,,,0.037848000000,   1.56320,
,,,0.037852000000,   1.56400,
,,,0.037856000000,   1.56320,
,,,0.037860000000,   1.56320,
,,,0.037864000000,   1.56320,
,,,0.037868000000,   1.56320,
,,,0.037872000000,   1.56320,
,,,0.037876000000,   1.56320,
,,,0.037880000000,   1.56320,
,,,0.037884000000,   1.56320,
,,,0.037888000000,   1.56400,
,,,0.037892000000,   1.56320,
,,,0.037896000000,   1.56320,
,,,0.037900000000,   1.56320,
,,,0.037904000000,   1.56320,
,,,0.037908000000,   1.56320,
,,,0.037912000000,   1.56320,
,,,0.037916000000,   1.56320,
,,,0.037920000000,   1.56320,
,,,0.037924000000,   1.56320,
,,,0.037928000000,   1.56320,
,,,0.037932000000,   1.56320,
,,,0.037936000000,   1.56320,
,,,0.037940000000,   1.56320,
,,,0.037944000000,   1.56320,
,,,0.037948000000,   1.56320,
,,,0.037952000000,   1.56320,
,,,0.037956000000,   1.56320,
,,,0.037960000000,   1.56320,
,,,0.037964000000,   1.56320,
,,,0.037968000000,   1.56320,
,,,0.037972000000,   1.56320,
,,,0.037976000000,   1.56320,
,,,0.037980000000,   1.56320,
,,,0.037984000000,   1.56320,
,,,0.037988000000,   1.56320,
,,,0.037992000000,   1.56320,
,,,0.037996000000,   1.56320,
,,,0.038000000000,   1.56320,
,,,0.038004000000,   1.56240,
,,,0.038008000000,   1.56320,
,,,0.038012000000,   1.56320,
,,,0.038016000000,   1.56320,
,,,0.038020000000,   1.56320,
,,,0.038024000000,   1.56320,
,,,0.038028000000,   1.56320,
,,,0.038032000000,   1.56320,
,,,0.038036000000,   1.56320,
,,,0.038040000000,   1.56320,
,,,0.038044000000,   1.56320,
,,,0.038048000000,   1.56320,
,,,0.038052000000,   1.56320,
,,,0.038056000000,   1.56320,
,,,0.038060000000,   1.56320,
,,,0.038064000000,   1.56320,
,,,0.038068000000,   1.56320,
,,,0.038072000000,   1.56320,
,,,0.038076000000,   1.56320,
,,,0.038080000000,   1.56320,
,,,0.038084000000,   1.56320,
,,,0.038088000000,   1.56320,
,,,0.038092000000,   1.56320,
,,,0.038096000000,   1.56320,
,,,0.038100000000,   1.56320,
,,,0.038104000000,   1.56240,
,,,0.038108000000,   1.56240,
,,,0.038112000000,   1.56320,
,,,0.038116000000,   1.56320,
,,,0.038120000000,   1.56240,
,,,0.038124000000,   1.56240,
,,,0.038128000000,   1.56320,
,,,0.038132000000,   1.56320,
,,,0.038136000000,   1.56240,
,,,0.038140000000,   1.56240,
,,,0.038144000000,   1.56320,
,,,0.038148000000,   1.56320,
,,,0.038152000000,   1.56240,
,,,0.038156000000,   1.56240,
,,,0.038160000000,   1.56320,
,,,0.038164000000,   1.56240,
,,,0.038168000000,   1.56240,
,,,0.038172000000,   1.56240,
,,,0.038176000000,   1.56240,
,,,0.038180000000,   1.56240,
,,,0.038184000000,   1.56320,
,,,0.038188000000,   1.56320,
,,,0.038192000000,   1.56320,
,,,0.038196000000,   1.56320,
,,,0.038200000000,   1.56240,
,,,0.038204000000,   1.56240,
,,,0.038208000000,   1.56240,
,,,0.038212000000,   1.56240,
,,,0.038216000000,   1.56240,
,,,0.038220000000,   1.56240,
,,,0.038224000000,   1.56240,
,,,0.038228000000,   1.56240,
,,,0.038232000000,   1.56240,
,,,0.038236000000,   1.56240,
,,,0.038240000000,   1.56240,
,,,0.038244000000,   1.56240,
,,,0.038248000000,   1.56240,
,,,0.038252000000,   1.56240,
,,,0.038256000000,   1.56240,
,,,0.038260000000,   1.56240,
,,,0.038264000000,   1.56240,
,,,0.038268000000,   1.56240,
,,,0.038272000000,   1.56240,
,,,0.038276000000,   1.56240,
,,,0.038280000000,   1.56240,
,,,0.038284000000,   1.56240,
,,,0.038288000000,   1.56240,
,,,0.038292000000,   1.56240,
,,,0.038296000000,   1.56240,
,,,0.038300000000,   1.56240,
,,,0.038304000000,   1.56240,
,,,0.038308000000,   1.56240,
,,,0.038312000000,   1.56240,
,,,0.038316000000,   1.56240,
,,,0.038320000000,   1.56240,
,,,0.038324000000,   1.56240,
,,,0.038328000000,   1.56240,
,,,0.038332000000,   1.56240,
,,,0.038336000000,   1.56240,
,,,0.038340000000,   1.56240,
,,,0.038344000000,   1.56240,
,,,0.038348000000,   1.56240,
,,,0.038352000000,   1.56240,
,,,0.038356000000,   1.56240,
,,,0.038360000000,   1.56240,
,,,0.038364000000,   1.56240,
,,,0.038368000000,   1.56160,
,,,0.038372000000,   1.56240,
,,,0.038376000000,   1.56240,
,,,0.038380000000,   1.56240,
,,,0.038384000000,   1.56160,
,,,0.038388000000,   1.56160,
,,,0.038392000000,   1.56240,
,,,0.038396000000,   1.56240,
,,,0.038400000000,   1.56240,
,,,0.038404000000,   1.56240,
,,,0.038408000000,   1.56240,
,,,0.038412000000,   1.56240,
,,,0.038416000000,   1.56160,
,,,0.038420000000,   1.56160,
,,,0.038424000000,   1.56240,
,,,0.038428000000,   1.56240,
,,,0.038432000000,   1.56240,
,,,0.038436000000,   1.56240,
,,,0.038440000000,   1.56160,
,,,0.038444000000,   1.56160,
,,,0.038448000000,   1.56160,
,,,0.038452000000,   1.56240,
,,,0.038456000000,   1.56160,
,,,0.038460000000,   1.56160,
,,,0.038464000000,   1.56160,
,,,0.038468000000,   1.56240,
,,,0.038472000000,   1.56240,
,,,0.038476000000,   1.56240,
,,,0.038480000000,   1.56160,
,,,0.038484000000,   1.56160,
,,,0.038488000000,   1.56160,
,,,0.038492000000,   1.56240,
,,,0.038496000000,   1.56160,
,,,0.038500000000,   1.56240,
,,,0.038504000000,   1.56160,
,,,0.038508000000,   1.56160,
,,,0.038512000000,   1.56160,
,,,0.038516000000,   1.56160,
,,,0.038520000000,   1.56160,
,,,0.038524000000,   1.56160,
,,,0.038528000000,   1.56160,
,,,0.038532000000,   1.56160,
,,,0.038536000000,   1.56160,
,,,0.038540000000,   1.56160,
,,,0.038544000000,   1.56160,
,,,0.038548000000,   1.56160,
,,,0.038552000000,   1.56160,
,,,0.038556000000,   1.56160,
,,,0.038560000000,   1.56160,
,,,0.038564000000,   1.56160,
,,,0.038568000000,   1.56240,
,,,0.038572000000,   1.56160,
,,,0.038576000000,   1.56160,
,,,0.038580000000,   1.56240,
,,,0.038584000000,   1.56160,
,,,0.038588000000,   1.56160,
,,,0.038592000000,   1.56160,
,,,0.038596000000,   1.56160,
,,,0.038600000000,   1.56160,
,,,0.038604000000,   1.56160,
,,,0.038608000000,   1.56160,
,,,0.038612000000,   1.56160,
,,,0.038616000000,   1.56160,
,,,0.038620000000,   1.56160,
,,,0.038624000000,   1.56160,
,,,0.038628000000,   1.56160,
,,,0.038632000000,   1.56160,
,,,0.038636000000,   1.56160,
,,,0.038640000000,   1.56160,
,,,0.038644000000,   1.56160,
,,,0.038648000000,   1.56160,
,,,0.038652000000,   1.56160,
,,,0.038656000000,   1.56160,
,,,0.038660000000,   1.56160,
,,,0.038664000000,   1.56160,
,,,0.038668000000,   1.56160,
,,,0.038672000000,   1.56160,
,,,0.038676000000,   1.56160,
,,,0.038680000000,   1.56160,
,,,0.038684000000,   1.56160,
,,,0.038688000000,   1.56160,
,,,0.038692000000,   1.56160,
,,,0.038696000000,   1.56160,
,,,0.038700000000,   1.56160,
,,,0.038704000000,   1.56080,
,,,0.038708000000,   1.56160,
,,,0.038712000000,   1.56160,
,,,0.038716000000,   1.56080,
,,,0.038720000000,   1.56160,
,,,0.038724000000,   1.56160,
,,,0.038728000000,   1.56080,
,,,0.038732000000,   1.56160,
,,,0.038736000000,   1.56080,
,,,0.038740000000,   1.56080,
,,,0.038744000000,   1.56080,
,,,0.038748000000,   1.56160,
,,,0.038752000000,   1.56160,
,,,0.038756000000,   1.56080,
,,,0.038760000000,   1.56160,
,,,0.038764000000,   1.56160,
,,,0.038768000000,   1.56080,
,,,0.038772000000,   1.56080,
,,,0.038776000000,   1.56080,
,,,0.038780000000,   1.56160,
,,,0.038784000000,   1.56160,
,,,0.038788000000,   1.56080,
,,,0.038792000000,   1.56160,
,,,0.038796000000,   1.56080,
,,,0.038800000000,   1.56080,
,,,0.038804000000,   1.56080,
,,,0.038808000000,   1.56080,
,,,0.038812000000,   1.56080,
,,,0.038816000000,   1.56080,
,,,0.038820000000,   1.56080,
,,,0.038824000000,   1.56080,
,,,0.038828000000,   1.56080,
,,,0.038832000000,   1.56160,
,,,0.038836000000,   1.56080,
,,,0.038840000000,   1.56080,
,,,0.038844000000,   1.56080,
,,,0.038848000000,   1.56080,
,,,0.038852000000,   1.56080,
,,,0.038856000000,   1.56080,
,,,0.038860000000,   1.56080,
,,,0.038864000000,   1.56080,
,,,0.038868000000,   1.56080,
,,,0.038872000000,   1.56080,
,,,0.038876000000,   1.56080,
,,,0.038880000000,   1.56080,
,,,0.038884000000,   1.56080,
,,,0.038888000000,   1.56080,
,,,0.038892000000,   1.56080,
,,,0.038896000000,   1.56160,
,,,0.038900000000,   1.56080,
,,,0.038904000000,   1.56080,
,,,0.038908000000,   1.56160,
,,,0.038912000000,   1.56080,
,,,0.038916000000,   1.56080,
,,,0.038920000000,   1.56080,
,,,0.038924000000,   1.56080,
,,,0.038928000000,   1.56080,
,,,0.038932000000,   1.56080,
,,,0.038936000000,   1.56080,
,,,0.038940000000,   1.56080,
,,,0.038944000000,   1.56080,
,,,0.038948000000,   1.56080,
,,,0.038952000000,   1.56080,
,,,0.038956000000,   1.56080,
,,,0.038960000000,   1.56080,
,,,0.038964000000,   1.56080,
,,,0.038968000000,   1.56080,
,,,0.038972000000,   1.56080,
,,,0.038976000000,   1.56080,
,,,0.038980000000,   1.56080,
,,,0.038984000000,   1.56080,
,,,0.038988000000,   1.56080,
,,,0.038992000000,   1.56080,
,,,0.038996000000,   1.56080,
,,,0.039000000000,   1.56000,
,,,0.039004000000,   1.56080,
,,,0.039008000000,   1.56000,
,,,0.039012000000,   1.56080,
,,,0.039016000000,   1.56000,
,,,0.039020000000,   1.56000,
,,,0.039024000000,   1.56000,
,,,0.039028000000,   1.56000,
,,,0.039032000000,   1.56080,
,,,0.039036000000,   1.56000,
,,,0.039040000000,   1.56080,
,,,0.039044000000,   1.56080,
,,,0.039048000000,   1.56000,
,,,0.039052000000,   1.56000,
,,,0.039056000000,   1.56000,
,,,0.039060000000,   1.56080,
,,,0.039064000000,   1.56080,
,,,0.039068000000,   1.56000,
,,,0.039072000000,   1.56000,
,,,0.039076000000,   1.56080,
,,,0.039080000000,   1.56080,
,,,0.039084000000,   1.56000,
,,,0.039088000000,   1.56080,
,,,0.039092000000,   1.56000,
,,,0.039096000000,   1.56000,
,,,0.039100000000,   1.56000,
,,,0.039104000000,   1.56000,
,,,0.039108000000,   1.56000,
,,,0.039112000000,   1.56000,
,,,0.039116000000,   1.56080,
,,,0.039120000000,   1.56000,
,,,0.039124000000,   1.56000,
,,,0.039128000000,   1.56000,
,,,0.039132000000,   1.56000,
,,,0.039136000000,   1.56000,
,,,0.039140000000,   1.56000,
,,,0.039144000000,   1.56000,
,,,0.039148000000,   1.56000,
,,,0.039152000000,   1.56000,
,,,0.039156000000,   1.56000,
,,,0.039160000000,   1.56000,
,,,0.039164000000,   1.56000,
,,,0.039168000000,   1.56000,
,,,0.039172000000,   1.56000,
,,,0.039176000000,   1.56000,
,,,0.039180000000,   1.56000,
,,,0.039184000000,   1.56000,
,,,0.039188000000,   1.56000,
,,,0.039192000000,   1.56000,
,,,0.039196000000,   1.56000,
,,,0.039200000000,   1.56000,
,,,0.039204000000,   1.56000,
,,,0.039208000000,   1.56000,
,,,0.039212000000,   1.56000,
,,,0.039216000000,   1.56000,
,,,0.039220000000,   1.56000,
,,,0.039224000000,   1.56000,
,,,0.039228000000,   1.56000,
,,,0.039232000000,   1.56000,
,,,0.039236000000,   1.56000,
,,,0.039240000000,   1.56000,
,,,0.039244000000,   1.56000,
,,,0.039248000000,   1.56000,
,,,0.039252000000,   1.56000,
,,,0.039256000000,   1.56000,
,,,0.039260000000,   1.56000,
,,,0.039264000000,   1.56000,
,,,0.039268000000,   1.56000,
,,,0.039272000000,   1.56000,
,,,0.039276000000,   1.55920,
,,,0.039280000000,   1.56000,
,,,0.039284000000,   1.56000,
,,,0.039288000000,   1.55920,
,,,0.039292000000,   1.55920,
,,,0.039296000000,   1.56000,
,,,0.039300000000,   1.56000,
,,,0.039304000000,   1.56000,
,,,0.039308000000,   1.56000,
,,,0.039312000000,   1.56000,
,,,0.039316000000,   1.56000,
,,,0.039320000000,   1.56000,
,,,0.039324000000,   1.55920,
,,,0.039328000000,   1.55920,
,,,0.039332000000,   1.55920,
,,,0.039336000000,   1.56000,
,,,0.039340000000,   1.56000,
,,,0.039344000000,   1.56000,
,,,0.039348000000,   1.56000,
,,,0.039352000000,   1.55920,
,,,0.039356000000,   1.55920,
,,,0.039360000000,   1.55920,
,,,0.039364000000,   1.56000,
,,,0.039368000000,   1.55920,
,,,0.039372000000,   1.55920,
,,,0.039376000000,   1.56000,
,,,0.039380000000,   1.55920,
,,,0.039384000000,   1.55920,
,,,0.039388000000,   1.55920,
,,,0.039392000000,   1.56000,
,,,0.039396000000,   1.55920,
,,,0.039400000000,   1.55920,
,,,0.039404000000,   1.55920,
,,,0.039408000000,   1.55920,
,,,0.039412000000,   1.55920,
,,,0.039416000000,   1.55920,
,,,0.039420000000,   1.55920,
,,,0.039424000000,   1.55920,
,,,0.039428000000,   1.55920,
,,,0.039432000000,   1.55920,
,,,0.039436000000,   1.55920,
,,,0.039440000000,   1.55920,
,,,0.039444000000,   1.55920,
,,,0.039448000000,   1.55920,
,,,0.039452000000,   1.55920,
,,,0.039456000000,   1.55920,
,,,0.039460000000,   1.55840,
,,,0.039464000000,   1.55920,
,,,0.039468000000,   1.55920,
,,,0.039472000000,   1.55920,
,,,0.039476000000,   1.55920,
,,,0.039480000000,   1.55920,
,,,0.039484000000,   1.55920,
,,,0.039488000000,   1.55920,
,,,0.039492000000,   1.55920,
,,,0.039496000000,   1.55920,
,,,0.039500000000,   1.55920,
,,,0.039504000000,   1.55920,
,,,0.039508000000,   1.55920,
,,,0.039512000000,   1.55920,
,,,0.039516000000,   1.55840,
,,,0.039520000000,   1.55920,
,,,0.039524000000,   1.55920,
,,,0.039528000000,   1.55920,
,,,0.039532000000,   1.55920,
,,,0.039536000000,   1.55920,
,,,0.039540000000,   1.55920,
,,,0.039544000000,   1.55920,
,,,0.039548000000,   1.55840,
,,,0.039552000000,   1.55840,
,,,0.039556000000,   1.55920,
,,,0.039560000000,   1.55920,
,,,0.039564000000,   1.55840,
,,,0.039568000000,   1.55840,
,,,0.039572000000,   1.55840,
,,,0.039576000000,   1.55840,
,,,0.039580000000,   1.55840,
,,,0.039584000000,   1.55920,
,,,0.039588000000,   1.55840,
,,,0.039592000000,   1.55840,
,,,0.039596000000,   1.55840,
,,,0.039600000000,   1.55840,
,,,0.039604000000,   1.55840,
,,,0.039608000000,   1.55840,
,,,0.039612000000,   1.55840,
,,,0.039616000000,   1.55840,
,,,0.039620000000,   1.55840,
,,,0.039624000000,   1.55840,
,,,0.039628000000,   1.55840,
,,,0.039632000000,   1.55840,
,,,0.039636000000,   1.55840,
,,,0.039640000000,   1.55840,
,,,0.039644000000,   1.55840,
,,,0.039648000000,   1.55840,
,,,0.039652000000,   1.55920,
,,,0.039656000000,   1.55840,
,,,0.039660000000,   1.55840,
,,,0.039664000000,   1.55840,
,,,0.039668000000,   1.55840,
,,,0.039672000000,   1.55840,
,,,0.039676000000,   1.55840,
,,,0.039680000000,   1.55840,
,,,0.039684000000,   1.55840,
,,,0.039688000000,   1.55840,
,,,0.039692000000,   1.55840,
,,,0.039696000000,   1.55840,
,,,0.039700000000,   1.55840,
,,,0.039704000000,   1.55840,
,,,0.039708000000,   1.55840,
,,,0.039712000000,   1.55840,
,,,0.039716000000,   1.55840,
,,,0.039720000000,   1.55840,
,,,0.039724000000,   1.55840,
,,,0.039728000000,   1.55840,
,,,0.039732000000,   1.55840,
,,,0.039736000000,   1.55840,
,,,0.039740000000,   1.55840,
,,,0.039744000000,   1.55840,
,,,0.039748000000,   1.55840,
,,,0.039752000000,   1.55840,
,,,0.039756000000,   1.55840,
,,,0.039760000000,   1.55840,
,,,0.039764000000,   1.55840,
,,,0.039768000000,   1.55840,
,,,0.039772000000,   1.55840,
,,,0.039776000000,   1.55840,
,,,0.039780000000,   1.55840,
,,,0.039784000000,   1.55840,
,,,0.039788000000,   1.55840,
,,,0.039792000000,   1.55840,
,,,0.039796000000,   1.55840,
,,,0.039800000000,   1.55760,
,,,0.039804000000,   1.55760,
,,,0.039808000000,   1.55840,
,,,0.039812000000,   1.55840,
,,,0.039816000000,   1.55760,
,,,0.039820000000,   1.55760,
,,,0.039824000000,   1.55760,
,,,0.039828000000,   1.55760,
,,,0.039832000000,   1.55840,
,,,0.039836000000,   1.55760,
,,,0.039840000000,   1.55760,
,,,0.039844000000,   1.55840,
,,,0.039848000000,   1.55760,
,,,0.039852000000,   1.55760,
,,,0.039856000000,   1.55760,
,,,0.039860000000,   1.55760,
,,,0.039864000000,   1.55760,
,,,0.039868000000,   1.55760,
,,,0.039872000000,   1.55760,
,,,0.039876000000,   1.55760,
,,,0.039880000000,   1.55760,
,,,0.039884000000,   1.55760,
,,,0.039888000000,   1.55760,
,,,0.039892000000,   1.55760,
,,,0.039896000000,   1.55760,
,,,0.039900000000,   1.55760,
,,,0.039904000000,   1.55760,
,,,0.039908000000,   1.55760,
,,,0.039912000000,   1.55760,
,,,0.039916000000,   1.55760,
,,,0.039920000000,   1.55760,
,,,0.039924000000,   1.55760,
,,,0.039928000000,   1.55840,
,,,0.039932000000,   1.55760,
,,,0.039936000000,   1.55760,
,,,0.039940000000,   1.55760,
,,,0.039944000000,   1.55760,
,,,0.039948000000,   1.55760,
,,,0.039952000000,   1.55760,
,,,0.039956000000,   1.55760,
,,,0.039960000000,   1.55760,
,,,0.039964000000,   1.55760,
,,,0.039968000000,   1.55760,
,,,0.039972000000,   1.55760,
,,,0.039976000000,   1.55760,
,,,0.039980000000,   1.55760,
,,,0.039984000000,   1.55760,
,,,0.039988000000,   1.55760,
,,,0.039992000000,   1.55760,
,,,0.039996000000,   1.55760,
,,,0.040000000000,   1.55760,
,,,0.040004000000,   1.55760,
,,,0.040008000000,   1.55760,
,,,0.040012000000,   1.55680,
,,,0.040016000000,   1.55760,
,,,0.040020000000,   1.55760,
,,,0.040024000000,   1.55760,
,,,0.040028000000,   1.55760,
,,,0.040032000000,   1.55760,
,,,0.040036000000,   1.55680,
,,,0.040040000000,   1.55760,
,,,0.040044000000,   1.55680,
,,,0.040048000000,   1.55760,
,,,0.040052000000,   1.55760,
,,,0.040056000000,   1.55680,
,,,0.040060000000,   1.55760,
,,,0.040064000000,   1.55680,
,,,0.040068000000,   1.55680,
,,,0.040072000000,   1.55680,
,,,0.040076000000,   1.55680,
,,,0.040080000000,   1.55680,
,,,0.040084000000,   1.55680,
,,,0.040088000000,   1.55680,
,,,0.040092000000,   1.55680,
,,,0.040096000000,   1.55680,
,,,0.040100000000,   1.55680,
,,,0.040104000000,   1.55680,
,,,0.040108000000,   1.55680,
,,,0.040112000000,   1.55680,
,,,0.040116000000,   1.55680,
